resion code,Time,Temperature,Humidity,Insolation
155,2025-07-01 00:00,24.8,93,
155,2025-07-01 01:00,24.9,93,
155,2025-07-01 02:00,24.8,93,
155,2025-07-01 03:00,24.6,93,
155,2025-07-01 04:00,24.5,94,
155,2025-07-01 05:00,24.9,92,
155,2025-07-01 06:00,24.7,93,0.07
155,2025-07-01 07:00,26.6,83,0.59
155,2025-07-01 08:00,27.5,84,1.36
155,2025-07-01 09:00,28.7,78,2
155,2025-07-01 10:00,30.3,74,2.34
155,2025-07-01 11:00,32,68,3.09
155,2025-07-01 12:00,32,64,3.2
155,2025-07-01 13:00,32.2,66,3.32
155,2025-07-01 14:00,32.6,67,3.49
155,2025-07-01 15:00,31.5,69,2.84
155,2025-07-01 16:00,32.5,64,2.78
155,2025-07-01 17:00,31.4,70,1.94
155,2025-07-01 18:00,29.9,76,1.19
155,2025-07-01 19:00,28.4,82,0.32
155,2025-07-01 20:00,27.6,86,0.05
155,2025-07-01 21:00,27.4,87,
155,2025-07-01 22:00,27.1,88,
155,2025-07-01 23:00,27.1,88,
155,2025-07-02 00:00,26.8,90,
155,2025-07-02 01:00,26.9,89,
155,2025-07-02 02:00,26.6,91,
155,2025-07-02 03:00,26.7,91,
155,2025-07-02 04:00,26.6,91,
155,2025-07-02 05:00,26.4,92,
155,2025-07-02 06:00,26.1,92,0.04
155,2025-07-02 07:00,27.4,87,0.35
155,2025-07-02 08:00,28.2,85,1.06
155,2025-07-02 09:00,30.2,78,1.81
155,2025-07-02 10:00,31.1,71,2.67
155,2025-07-02 11:00,31.4,70,3.12
155,2025-07-02 12:00,32.4,66,3.37
155,2025-07-02 13:00,32.9,65,2.74
155,2025-07-02 14:00,33.7,60,3.23
155,2025-07-02 15:00,33.9,62,2.94
155,2025-07-02 16:00,33.3,65,2.47
155,2025-07-02 17:00,33.1,66,1.87
155,2025-07-02 18:00,31.6,69,1.16
155,2025-07-02 19:00,29.5,75,0.5
155,2025-07-02 20:00,28.2,77,0.05
155,2025-07-02 21:00,27.8,81,
155,2025-07-02 22:00,27.1,83,
155,2025-07-02 23:00,26.5,87,
155,2025-07-03 00:00,26.1,90,
155,2025-07-03 01:00,25.8,91,
155,2025-07-03 02:00,25.8,91,
155,2025-07-03 03:00,25.3,93,
155,2025-07-03 04:00,25.1,94,
155,2025-07-03 05:00,25.4,94,
155,2025-07-03 06:00,25.5,93,0.03
155,2025-07-03 07:00,27.1,87,0.39
155,2025-07-03 08:00,28.2,82,1.16
155,2025-07-03 09:00,29.6,76,1.87
155,2025-07-03 10:00,31,72,2.56
155,2025-07-03 11:00,31.6,68,3.18
155,2025-07-03 12:00,32.5,65,3.31
155,2025-07-03 13:00,33.1,61,3.47
155,2025-07-03 14:00,33.3,56,3.37
155,2025-07-03 15:00,32.3,57,3.12
155,2025-07-03 16:00,31.6,63,2.45
155,2025-07-03 17:00,31.2,66,1.85
155,2025-07-03 18:00,29.9,69,1.06
155,2025-07-03 19:00,28.4,74,0.46
155,2025-07-03 20:00,27.4,78,0.07
155,2025-07-03 21:00,26.9,80,
155,2025-07-03 22:00,26.4,82,
155,2025-07-03 23:00,26,84,
155,2025-07-04 00:00,25.7,85,
155,2025-07-04 01:00,26.1,82,
155,2025-07-04 02:00,25.2,87,
155,2025-07-04 03:00,24.8,89,
155,2025-07-04 04:00,24.9,90,
155,2025-07-04 05:00,24.5,92,
155,2025-07-04 06:00,24.7,91,0.06
155,2025-07-04 07:00,26,84,0.44
155,2025-07-04 08:00,28.1,74,1.22
155,2025-07-04 09:00,29.6,70,1.69
155,2025-07-04 10:00,31.5,58,2.48
155,2025-07-04 11:00,31.6,59,2.85
155,2025-07-04 12:00,31.4,60,3.23
155,2025-07-04 13:00,30.9,62,2.78
155,2025-07-04 14:00,31.3,61,2.99
155,2025-07-04 15:00,31.5,63,2.94
155,2025-07-04 16:00,30.8,67,2.54
155,2025-07-04 17:00,30,70,1.71
155,2025-07-04 18:00,28.8,72,1.21
155,2025-07-04 19:00,27.8,78,0.21
155,2025-07-04 20:00,26.8,81,0.08
155,2025-07-04 21:00,26.4,82,
155,2025-07-04 22:00,25.6,86,
155,2025-07-04 23:00,25.5,86,
155,2025-07-05 00:00,25.6,87,
155,2025-07-05 01:00,25.3,87,
155,2025-07-05 02:00,25,89,
155,2025-07-05 03:00,25,88,
155,2025-07-05 04:00,24,92,
155,2025-07-05 05:00,23.2,93,
155,2025-07-05 06:00,23.2,94,0.04
155,2025-07-05 07:00,25.9,84,0.51
155,2025-07-05 08:00,27.1,78,1.2
155,2025-07-05 09:00,29.6,67,1.94
155,2025-07-05 10:00,30.9,66,2.54
155,2025-07-05 11:00,31.4,62,3
155,2025-07-05 12:00,32,59,3.41
155,2025-07-05 13:00,31.9,62,3.44
155,2025-07-05 14:00,32.1,59,3.32
155,2025-07-05 15:00,31.1,65,3.01
155,2025-07-05 16:00,30.7,69,2.57
155,2025-07-05 17:00,31.1,68,1.91
155,2025-07-05 18:00,29.8,71,1.23
155,2025-07-05 19:00,28.4,77,0.49
155,2025-07-05 20:00,27.3,81,0.04
155,2025-07-05 21:00,26.5,84,
155,2025-07-05 22:00,25.9,87,
155,2025-07-05 23:00,25.7,88,
155,2025-07-06 00:00,25.2,91,
155,2025-07-06 01:00,24.5,94,
155,2025-07-06 02:00,24.3,95,
155,2025-07-06 03:00,24.2,95,
155,2025-07-06 04:00,24.7,92,
155,2025-07-06 05:00,24.2,94,
155,2025-07-06 06:00,24,95,0.04
155,2025-07-06 07:00,25.8,88,0.44
155,2025-07-06 08:00,27.5,78,1.11
155,2025-07-06 09:00,29.8,67,1.88
155,2025-07-06 10:00,31.4,63,2.32
155,2025-07-06 11:00,31.5,65,2.87
155,2025-07-06 12:00,33.3,54,3.12
155,2025-07-06 13:00,33.9,56,3.36
155,2025-07-06 14:00,33,59,3.37
155,2025-07-06 15:00,34,57,3
155,2025-07-06 16:00,33.6,63,2.61
155,2025-07-06 17:00,32,64,2
155,2025-07-06 18:00,31.3,69,1.25
155,2025-07-06 19:00,28.9,76,0.51
155,2025-07-06 20:00,28,81,0.05
155,2025-07-06 21:00,27.4,84,
155,2025-07-06 22:00,26.9,86,
155,2025-07-06 23:00,26.4,89,
155,2025-07-07 00:00,26,91,
155,2025-07-07 01:00,25.8,92,
155,2025-07-07 02:00,26.2,90,
155,2025-07-07 03:00,26.5,89,
155,2025-07-07 04:00,26.3,90,
155,2025-07-07 05:00,26.3,89,
155,2025-07-07 06:00,26.8,88,0.05
155,2025-07-07 07:00,28.5,81,0.45
155,2025-07-07 08:00,29.7,75,1.1
155,2025-07-07 09:00,31.3,68,1.79
155,2025-07-07 10:00,32.9,64,2.29
155,2025-07-07 11:00,34,58,2.95
155,2025-07-07 12:00,35.3,52,3.32
155,2025-07-07 13:00,33.8,59,3.43
155,2025-07-07 14:00,33.6,60,3.08
155,2025-07-07 15:00,33.5,59,2.7
155,2025-07-07 16:00,33.2,58,2.35
155,2025-07-07 17:00,32.6,61,1.71
155,2025-07-07 18:00,31.5,63,0.95
155,2025-07-07 19:00,30.7,66,0.38
155,2025-07-07 20:00,29.3,73,0.06
155,2025-07-07 21:00,28.6,75,
155,2025-07-07 22:00,28,78,
155,2025-07-07 23:00,27.6,80,
155,2025-07-08 00:00,27.1,82,
155,2025-07-08 01:00,26.7,85,
155,2025-07-08 02:00,26.3,87,
155,2025-07-08 03:00,27.2,83,
155,2025-07-08 04:00,27.2,83,
155,2025-07-08 05:00,27.4,82,
155,2025-07-08 06:00,27.5,81,0.05
155,2025-07-08 07:00,27.5,83,0.36
155,2025-07-08 08:00,29.5,75,0.95
155,2025-07-08 09:00,29.4,71,1.66
155,2025-07-08 10:00,31.4,63,2.3
155,2025-07-08 11:00,32.1,60,2.74
155,2025-07-08 12:00,32.2,60,2.02
155,2025-07-08 13:00,32,62,1.52
155,2025-07-08 14:00,32.2,65,0.93
155,2025-07-08 15:00,32.4,61,1.52
155,2025-07-08 16:00,33.1,57,1.75
155,2025-07-08 17:00,33,56,1.73
155,2025-07-08 18:00,32.3,61,1.13
155,2025-07-08 19:00,31.9,58,0.46
155,2025-07-08 20:00,31.3,60,0.05
155,2025-07-08 21:00,27.9,77,
155,2025-07-08 22:00,27.2,79,
155,2025-07-08 23:00,26.4,85,
155,2025-07-09 00:00,27.9,63,
155,2025-07-09 01:00,27.7,56,
155,2025-07-09 02:00,27.5,59,
155,2025-07-09 03:00,26.3,65,
155,2025-07-09 04:00,26,68,
155,2025-07-09 05:00,25.1,74,
155,2025-07-09 06:00,25.5,72,0.05
155,2025-07-09 07:00,26.9,68,0.5
155,2025-07-09 08:00,27.7,63,1.15
155,2025-07-09 09:00,28.9,57,1.91
155,2025-07-09 10:00,30.2,50,2.48
155,2025-07-09 11:00,31.2,48,2.96
155,2025-07-09 12:00,32.7,42,3.21
155,2025-07-09 13:00,33.2,42,3.29
155,2025-07-09 14:00,33.8,42,3.3
155,2025-07-09 15:00,30.8,61,3.03
155,2025-07-09 16:00,32.3,55,2.52
155,2025-07-09 17:00,31.4,61,1.86
155,2025-07-09 18:00,30,64,1.18
155,2025-07-09 19:00,29.2,70,0.46
155,2025-07-09 20:00,28.8,65,0.06
155,2025-07-09 21:00,29.5,58,
155,2025-07-09 22:00,28.8,59,
155,2025-07-09 23:00,28.3,61,
155,2025-07-10 00:00,28.1,61,
155,2025-07-10 01:00,27.8,59,
155,2025-07-10 02:00,27.3,61,
155,2025-07-10 03:00,26.5,64,
155,2025-07-10 04:00,26.4,62,
155,2025-07-10 05:00,26.1,61,
155,2025-07-10 06:00,25.9,64,0.04
155,2025-07-10 07:00,26.3,64,0.4
155,2025-07-10 08:00,27,62,0.8
155,2025-07-10 09:00,27.5,61,1.26
155,2025-07-10 10:00,28.9,57,1.98
155,2025-07-10 11:00,30.4,53,2.94
155,2025-07-10 12:00,31.4,51,3.25
155,2025-07-10 13:00,31.9,49,3.07
155,2025-07-10 14:00,32,50,1.53
155,2025-07-10 15:00,32.4,52,1.75
155,2025-07-10 16:00,31.8,52,2.54
155,2025-07-10 17:00,30.5,57,1.66
155,2025-07-10 18:00,30.2,58,0.74
155,2025-07-10 19:00,29.3,59,0.49
155,2025-07-10 20:00,28.6,56,0.06
155,2025-07-10 21:00,27.6,62,
155,2025-07-10 22:00,27.1,66,
155,2025-07-10 23:00,26.6,71,
155,2025-07-11 00:00,26.3,70,
155,2025-07-11 01:00,26.1,66,
155,2025-07-11 02:00,25.8,63,
155,2025-07-11 03:00,25.3,63,
155,2025-07-11 04:00,25.2,61,
155,2025-07-11 05:00,25,61,
155,2025-07-11 06:00,25.1,64,0.04
155,2025-07-11 07:00,25.8,63,0.42
155,2025-07-11 08:00,27,59,0.86
155,2025-07-11 09:00,27.9,55,1.59
155,2025-07-11 10:00,29.1,49,2.58
155,2025-07-11 11:00,30.2,46,3.12
155,2025-07-11 12:00,32,43,3.32
155,2025-07-11 13:00,32,46,3.48
155,2025-07-11 14:00,32.9,43,3.27
155,2025-07-11 15:00,32.7,45,2.8
155,2025-07-11 16:00,31.9,46,2.05
155,2025-07-11 17:00,31.3,47,1.77
155,2025-07-11 18:00,30.2,47,1.13
155,2025-07-11 19:00,28.7,50,0.44
155,2025-07-11 20:00,27.7,52,0.05
155,2025-07-11 21:00,27,56,
155,2025-07-11 22:00,26.1,60,
155,2025-07-11 23:00,25.3,65,
155,2025-07-12 00:00,25.2,64,
155,2025-07-12 01:00,24.7,67,
155,2025-07-12 02:00,24.4,68,
155,2025-07-12 03:00,24.1,68,
155,2025-07-12 04:00,24,69,
155,2025-07-12 05:00,23.6,70,
155,2025-07-12 06:00,23.9,71,0.04
155,2025-07-12 07:00,24.6,69,0.34
155,2025-07-12 08:00,25.7,66,1.15
155,2025-07-12 09:00,26.4,63,1.91
155,2025-07-12 10:00,27.6,59,2.62
155,2025-07-12 11:00,28.3,58,2.52
155,2025-07-12 12:00,29.6,56,2.13
155,2025-07-12 13:00,30.7,54,3.08
155,2025-07-12 14:00,31.4,52,3.44
155,2025-07-12 15:00,32.4,44,3.03
155,2025-07-12 16:00,31.8,46,2.4
155,2025-07-12 17:00,30.4,53,1.86
155,2025-07-12 18:00,28.6,64,0.89
155,2025-07-12 19:00,27.3,72,0.41
155,2025-07-12 20:00,26.5,73,0.05
155,2025-07-12 21:00,25.9,73,
155,2025-07-12 22:00,24.9,78,
155,2025-07-12 23:00,25.1,76,
155,2025-07-13 00:00,24.9,75,
155,2025-07-13 01:00,23.9,78,
155,2025-07-13 02:00,23.9,76,
155,2025-07-13 03:00,23,81,
155,2025-07-13 04:00,23.4,79,
155,2025-07-13 05:00,24.1,77,
155,2025-07-13 06:00,24,79,0.02
155,2025-07-13 07:00,24.9,75,0.22
155,2025-07-13 08:00,25.1,70,0.47
155,2025-07-13 09:00,27.3,60,1.16
155,2025-07-13 10:00,28.5,61,2.15
155,2025-07-13 11:00,27.8,60,1.19
155,2025-07-13 12:00,27.4,66,0.5
155,2025-07-13 13:00,28.2,67,0.82
155,2025-07-13 14:00,27.2,76,0.58
155,2025-07-13 15:00,26,83,0.2
155,2025-07-13 16:00,26.2,82,0.2
155,2025-07-13 17:00,24.9,94,0.13
155,2025-07-13 18:00,24.4,95,0.06
155,2025-07-13 19:00,24.1,95,0.02
155,2025-07-13 20:00,23.7,97,0
155,2025-07-13 21:00,22.4,97,
155,2025-07-13 22:00,22,93,
155,2025-07-13 23:00,21.7,92,
155,2025-07-14 00:00,21,95,
155,2025-07-14 01:00,21,94,
155,2025-07-14 02:00,21.3,90,
155,2025-07-14 03:00,21.1,92,
155,2025-07-14 04:00,21.3,91,
155,2025-07-14 05:00,21,92,
155,2025-07-14 06:00,20.7,94,0.01
155,2025-07-14 07:00,22.3,84,0.14
155,2025-07-14 08:00,23.2,82,1.21
155,2025-07-14 09:00,25.3,73,1.94
155,2025-07-14 10:00,26.7,67,2.55
155,2025-07-14 11:00,27.6,64,3.06
155,2025-07-14 12:00,28.5,62,2.83
155,2025-07-14 13:00,29.4,59,2.31
155,2025-07-14 14:00,29.6,58,2.15
155,2025-07-14 15:00,29.7,60,1.63
155,2025-07-14 16:00,29.1,62,2.06
155,2025-07-14 17:00,28.5,68,1.04
155,2025-07-14 18:00,26.7,76,0.22
155,2025-07-14 19:00,23.3,75,0.05
155,2025-07-14 20:00,23.7,75,0.01
155,2025-07-14 21:00,23.1,81,
155,2025-07-14 22:00,23.5,81,
155,2025-07-14 23:00,23.2,83,
155,2025-07-15 00:00,21.8,89,
155,2025-07-15 01:00,22.1,86,
155,2025-07-15 02:00,21.5,90,
155,2025-07-15 03:00,21.1,93,
155,2025-07-15 04:00,20.7,95,
155,2025-07-15 05:00,21.4,93,
155,2025-07-15 06:00,21.7,92,0.01
155,2025-07-15 07:00,22.2,91,0.08
155,2025-07-15 08:00,23.8,81,0.52
155,2025-07-15 09:00,25.5,72,1.39
155,2025-07-15 10:00,26.2,72,1.78
155,2025-07-15 11:00,27.2,66,1.64
155,2025-07-15 12:00,28.1,65,3.12
155,2025-07-15 13:00,26.5,71,1.81
155,2025-07-15 14:00,27,71,0.9
155,2025-07-15 15:00,27.7,66,1.44
155,2025-07-15 16:00,26.5,73,0.82
155,2025-07-15 17:00,25.3,78,0.52
155,2025-07-15 18:00,25.9,77,0.58
155,2025-07-15 19:00,25.6,78,0.43
155,2025-07-15 20:00,24.7,84,0.04
155,2025-07-15 21:00,24.3,87,
155,2025-07-15 22:00,24,89,
155,2025-07-15 23:00,24,90,
155,2025-07-16 00:00,24.1,93,
155,2025-07-16 01:00,23.9,92,
155,2025-07-16 02:00,23.6,93,
155,2025-07-16 03:00,24,93,
155,2025-07-16 04:00,24.4,90,
155,2025-07-16 05:00,24.6,89,
155,2025-07-16 06:00,24.3,90,0.03
155,2025-07-16 07:00,24.8,87,0.16
155,2025-07-16 08:00,25.3,85,0.36
155,2025-07-16 09:00,25.3,83,0.28
155,2025-07-16 10:00,25.5,84,0.3
155,2025-07-16 11:00,26,80,0.16
155,2025-07-16 12:00,26.4,78,0.33
155,2025-07-16 13:00,25.3,84,0.14
155,2025-07-16 14:00,24.8,88,0.25
155,2025-07-16 15:00,24.9,86,0.31
155,2025-07-16 16:00,24.9,77,0.42
155,2025-07-16 17:00,24.1,84,0.28
155,2025-07-16 18:00,23.5,92,0.23
155,2025-07-16 19:00,23.4,91,0.1
155,2025-07-16 20:00,23.5,91,0.01
155,2025-07-16 21:00,23.3,91,
155,2025-07-16 22:00,23.4,91,
155,2025-07-16 23:00,23.6,87,
155,2025-07-17 00:00,24.5,86,
155,2025-07-17 01:00,24.1,88,
155,2025-07-17 02:00,23.9,90,
155,2025-07-17 03:00,23.6,88,
155,2025-07-17 04:00,22.2,96,
155,2025-07-17 05:00,22.5,97,
155,2025-07-17 06:00,22.9,93,0.01
155,2025-07-17 07:00,22.3,96,0.04
155,2025-07-17 08:00,22.3,97,0.06
155,2025-07-17 09:00,23,97,0.1
155,2025-07-17 10:00,24.4,94,0.51
155,2025-07-17 11:00,26.6,91,0.65
155,2025-07-17 12:00,26.9,90,0.46
155,2025-07-17 13:00,27.3,90,1.05
155,2025-07-17 14:00,28.3,83,1.3
155,2025-07-17 15:00,28,84,0.74
155,2025-07-17 16:00,28.3,82,0.51
155,2025-07-17 17:00,23.8,89,0.17
155,2025-07-17 18:00,22.5,94,0.07
155,2025-07-17 19:00,22.5,95,0.05
155,2025-07-17 20:00,22.6,94,0
155,2025-07-17 21:00,22.8,94,
155,2025-07-17 22:00,22.5,95,
155,2025-07-17 23:00,22.6,94,
155,2025-07-18 00:00,22.6,94,
155,2025-07-18 01:00,22.2,98,
155,2025-07-18 02:00,22.1,98,
155,2025-07-18 03:00,22.1,98,
155,2025-07-18 04:00,22.1,98,
155,2025-07-18 05:00,22.4,98,
155,2025-07-18 06:00,22.8,98,0.01
155,2025-07-18 07:00,23.5,98,0.1
155,2025-07-18 08:00,24.5,94,0.43
155,2025-07-18 09:00,25.3,91,0.89
155,2025-07-18 10:00,25.5,91,0.84
155,2025-07-18 11:00,27.9,85,2.11
155,2025-07-18 12:00,28.4,85,2.7
155,2025-07-18 13:00,27.9,82,2
155,2025-07-18 14:00,26,94,1.16
155,2025-07-18 15:00,26.2,92,0.63
155,2025-07-18 16:00,25.8,92,0.59
155,2025-07-18 17:00,25.5,94,0.22
155,2025-07-18 18:00,25.6,95,0.17
155,2025-07-18 19:00,25.7,94,0.08
155,2025-07-18 20:00,25.6,94,0
155,2025-07-18 21:00,25.5,95,
155,2025-07-18 22:00,25.5,93,
155,2025-07-18 23:00,25.2,93,
155,2025-07-19 00:00,24.9,94,
155,2025-07-19 01:00,24.6,94,
155,2025-07-19 02:00,24.7,96,
155,2025-07-19 03:00,25,96,
155,2025-07-19 04:00,25.6,92,
155,2025-07-19 05:00,25.2,95,
155,2025-07-19 06:00,25.2,90,0.01
155,2025-07-19 07:00,24.6,95,0.04
155,2025-07-19 08:00,25,91,0.22
155,2025-07-19 09:00,25.8,90,0.46
155,2025-07-19 10:00,26,87,0.4
155,2025-07-19 11:00,25.8,92,0.5
155,2025-07-19 12:00,23.3,94,0.26
155,2025-07-19 13:00,21.7,98,0.22
155,2025-07-19 14:00,21.7,97,0.31
155,2025-07-19 15:00,21.8,97,0.14
155,2025-07-19 16:00,21.8,98,0.06
155,2025-07-19 17:00,23.1,96,0.62
155,2025-07-19 18:00,23.2,94,0.77
155,2025-07-19 19:00,22.9,96,0.25
155,2025-07-19 20:00,22.6,97,0.01
155,2025-07-19 21:00,22.7,97,
155,2025-07-19 22:00,22.4,98,
155,2025-07-19 23:00,22.3,98,
155,2025-07-20 00:00,22.4,98,
155,2025-07-20 01:00,22.3,98,
155,2025-07-20 02:00,22.2,98,
155,2025-07-20 03:00,22.1,98,
155,2025-07-20 04:00,22.2,98,
155,2025-07-20 05:00,22.7,97,
155,2025-07-20 06:00,22.9,97,0.03
155,2025-07-20 07:00,23.6,96,0.26
155,2025-07-20 08:00,24.5,91,0.72
155,2025-07-20 09:00,25.8,92,1.11
155,2025-07-20 10:00,27.6,84,1.55
155,2025-07-20 11:00,28.6,79,1.79
155,2025-07-20 12:00,29.9,72,2.92
155,2025-07-20 13:00,29.9,73,2.86
155,2025-07-20 14:00,29.9,74,2.96
155,2025-07-20 15:00,30.9,71,2.78
155,2025-07-20 16:00,31.5,66,2.58
155,2025-07-20 17:00,30.3,67,1.89
155,2025-07-20 18:00,29.3,71,0.85
155,2025-07-20 19:00,28.3,78,0.36
155,2025-07-20 20:00,27,85,0.06
155,2025-07-20 21:00,26.2,89,
155,2025-07-20 22:00,25.7,91,
155,2025-07-20 23:00,25.3,93,
155,2025-07-21 00:00,25.4,91,
155,2025-07-21 01:00,25.2,92,
155,2025-07-21 02:00,25.1,93,
155,2025-07-21 03:00,25.3,93,
155,2025-07-21 04:00,24.7,96,
155,2025-07-21 05:00,24.7,96,
155,2025-07-21 06:00,24.9,95,0.02
155,2025-07-21 07:00,26,89,0.22
155,2025-07-21 08:00,26.6,87,0.42
155,2025-07-21 09:00,28.2,83,1.72
155,2025-07-21 10:00,28,87,1.42
155,2025-07-21 11:00,27.9,85,1.57
155,2025-07-21 12:00,29.7,75,3.27
155,2025-07-21 13:00,29.1,85,1.56
155,2025-07-21 14:00,30.5,75,3.19
155,2025-07-21 15:00,28.4,83,1.54
155,2025-07-21 16:00,29.5,79,1.27
155,2025-07-21 17:00,28.9,80,0.49
155,2025-07-21 18:00,28.7,80,0.45
155,2025-07-21 19:00,27.3,89,0.22
155,2025-07-21 20:00,27,88,0.01
155,2025-07-21 21:00,26.4,90,
155,2025-07-21 22:00,26.3,91,
155,2025-07-21 23:00,25.7,95,
155,2025-07-22 00:00,25.4,96,
155,2025-07-22 01:00,25.2,97,
155,2025-07-22 02:00,25,97,
155,2025-07-22 03:00,24.9,97,
155,2025-07-22 04:00,24.7,97,
155,2025-07-22 05:00,24.6,98,
155,2025-07-22 06:00,25,96,0.02
155,2025-07-22 07:00,25.7,93,0.25
155,2025-07-22 08:00,26.9,86,1.16
155,2025-07-22 09:00,28.7,78,1.82
155,2025-07-22 10:00,30.6,70,2.46
155,2025-07-22 11:00,31.3,66,2.95
155,2025-07-22 12:00,32.1,65,3.42
155,2025-07-22 13:00,31.3,68,2.54
155,2025-07-22 14:00,33,57,2
155,2025-07-22 15:00,33.1,61,2.58
155,2025-07-22 16:00,32.5,59,2.48
155,2025-07-22 17:00,32,62,1.82
155,2025-07-22 18:00,31.3,67,1.09
155,2025-07-22 19:00,30.2,71,0.41
155,2025-07-22 20:00,28.6,76,0.03
155,2025-07-22 21:00,27.9,79,
155,2025-07-22 22:00,27.1,82,
155,2025-07-22 23:00,27.1,83,
155,2025-07-23 00:00,26,89,
155,2025-07-23 01:00,25.8,91,
155,2025-07-23 02:00,25.2,92,
155,2025-07-23 03:00,25.3,92,
155,2025-07-23 04:00,24.9,95,
155,2025-07-23 05:00,24.8,95,
155,2025-07-23 06:00,24.8,93,0.02
155,2025-07-23 07:00,26.5,84,0.43
155,2025-07-23 08:00,28.2,80,1.09
155,2025-07-23 09:00,29.6,73,1.84
155,2025-07-23 10:00,31,66,2.46
155,2025-07-23 11:00,32.2,61,3.01
155,2025-07-23 12:00,33.8,60,3.4
155,2025-07-23 13:00,33.4,59,3.53
155,2025-07-23 14:00,32.9,60,3.41
155,2025-07-23 15:00,32.5,60,3.03
155,2025-07-23 16:00,32.2,61,2.38
155,2025-07-23 17:00,31.5,64,1.32
155,2025-07-23 18:00,31.2,61,1.13
155,2025-07-23 19:00,29.1,69,0.38
155,2025-07-23 20:00,27.8,72,0.02
155,2025-07-23 21:00,27.3,74,
155,2025-07-23 22:00,26.1,80,
155,2025-07-23 23:00,25.9,80,
155,2025-07-24 00:00,25.5,87,
155,2025-07-24 01:00,25,84,
155,2025-07-24 02:00,24.5,91,
155,2025-07-24 03:00,24.6,86,
155,2025-07-24 04:00,24.7,84,
155,2025-07-24 05:00,24.1,90,
155,2025-07-24 06:00,24.8,84,0.03
155,2025-07-24 07:00,25.9,81,0.41
155,2025-07-24 08:00,27.3,75,1.15
155,2025-07-24 09:00,29,71,1.84
155,2025-07-24 10:00,30.7,63,2.58
155,2025-07-24 11:00,32.1,53,2.93
155,2025-07-24 12:00,32.5,56,3.31
155,2025-07-24 13:00,30.9,65,3.38
155,2025-07-24 14:00,30.9,70,3.4
155,2025-07-24 15:00,31.5,71,3.03
155,2025-07-24 16:00,31.4,67,2.48
155,2025-07-24 17:00,31.3,52,1.98
155,2025-07-24 18:00,30.8,58,1.24
155,2025-07-24 19:00,28.8,66,0.41
155,2025-07-24 20:00,27,77,0.02
155,2025-07-24 21:00,27.1,76,
155,2025-07-24 22:00,26.8,76,
155,2025-07-24 23:00,26.2,80,
155,2025-07-25 00:00,25.9,83,
155,2025-07-25 01:00,25.9,87,
155,2025-07-25 02:00,26.1,85,
155,2025-07-25 03:00,26.1,85,
155,2025-07-25 04:00,25.3,87,
155,2025-07-25 05:00,25.7,83,
155,2025-07-25 06:00,26.2,81,0.02
155,2025-07-25 07:00,27.6,78,0.43
155,2025-07-25 08:00,28.7,76,1.14
155,2025-07-25 09:00,30.1,71,1.82
155,2025-07-25 10:00,30.9,70,2.38
155,2025-07-25 11:00,31.6,65,2.96
155,2025-07-25 12:00,30.7,67,3.42
155,2025-07-25 13:00,31.3,66,3.64
155,2025-07-25 14:00,30.9,63,3.43
155,2025-07-25 15:00,31.4,61,3.09
155,2025-07-25 16:00,31.2,63,2.56
155,2025-07-25 17:00,31,59,1.92
155,2025-07-25 18:00,31.5,59,1.22
155,2025-07-25 19:00,30.8,58,0.41
155,2025-07-25 20:00,29.1,66,0.03
155,2025-07-25 21:00,28.4,69,
155,2025-07-25 22:00,28,71,
155,2025-07-25 23:00,28.2,70,
155,2025-07-26 00:00,27,79,
155,2025-07-26 01:00,27.3,78,
155,2025-07-26 02:00,28,75,
155,2025-07-26 03:00,27.9,74,
155,2025-07-26 04:00,26.9,79,
155,2025-07-26 05:00,27.1,77,
155,2025-07-26 06:00,26.7,81,0.02
155,2025-07-26 07:00,27.1,80,0.35
155,2025-07-26 08:00,28.8,74,0.99
155,2025-07-26 09:00,29.3,74,1.11
155,2025-07-26 10:00,29.9,71,1.58
155,2025-07-26 11:00,31.7,67,2.45
155,2025-07-26 12:00,31.6,64,2.88
155,2025-07-26 13:00,32.2,63,3.15
155,2025-07-26 14:00,32.6,61,3.1
155,2025-07-26 15:00,32.5,58,3.08
155,2025-07-26 16:00,32.4,58,2.57
155,2025-07-26 17:00,32,59,1.93
155,2025-07-26 18:00,32,60,1.23
155,2025-07-26 19:00,30.5,64,0.41
155,2025-07-26 20:00,30.1,64,0.03
155,2025-07-26 21:00,29.4,67,
155,2025-07-26 22:00,30,63,
155,2025-07-26 23:00,29.9,63,
155,2025-07-27 00:00,29.2,67,
155,2025-07-27 01:00,29.2,68,
155,2025-07-27 02:00,27.8,75,
155,2025-07-27 03:00,27.5,74,
155,2025-07-27 04:00,27.3,75,
155,2025-07-27 05:00,26.3,82,
155,2025-07-27 06:00,27.3,76,0.02
155,2025-07-27 07:00,29.2,67,0.51
155,2025-07-27 08:00,30.2,63,1.07
155,2025-07-27 09:00,31.2,63,1.9
155,2025-07-27 10:00,30.9,62,2.54
155,2025-07-27 11:00,31.3,61,3.01
155,2025-07-27 12:00,31.7,59,3.45
155,2025-07-27 13:00,32,59,3.44
155,2025-07-27 14:00,31.4,58,3.35
155,2025-07-27 15:00,31.6,58,3.04
155,2025-07-27 16:00,31.6,56,2.5
155,2025-07-27 17:00,31.5,56,1.96
155,2025-07-27 18:00,30.7,58,1.2
155,2025-07-27 19:00,29.8,63,0.42
155,2025-07-27 20:00,28.1,69,0.02
155,2025-07-27 21:00,27.8,70,
155,2025-07-27 22:00,27.7,72,
155,2025-07-27 23:00,28.2,71,
155,2025-07-28 00:00,27.9,72,
155,2025-07-28 01:00,26.7,79,
155,2025-07-28 02:00,26.5,80,
155,2025-07-28 03:00,25.8,81,
155,2025-07-28 04:00,25.6,84,
155,2025-07-28 05:00,25.7,83,
155,2025-07-28 06:00,25,87,0.02
155,2025-07-28 07:00,27.4,75,0.41
155,2025-07-28 08:00,28.9,72,1.12
155,2025-07-28 09:00,30.2,64,1.83
155,2025-07-28 10:00,31.8,60,2.46
155,2025-07-28 11:00,33.5,55,2.96
155,2025-07-28 12:00,32.7,59,3.35
155,2025-07-28 13:00,32.1,64,3.43
155,2025-07-28 14:00,31.4,66,3.32
155,2025-07-28 15:00,31.3,66,3.03
155,2025-07-28 16:00,31.7,63,2.52
155,2025-07-28 17:00,31.6,57,1.89
155,2025-07-28 18:00,30.9,57,1.18
155,2025-07-28 19:00,29.1,64,0.4
155,2025-07-28 20:00,27.8,67,0.02
155,2025-07-28 21:00,27.4,69,
155,2025-07-28 22:00,26.2,72,
155,2025-07-28 23:00,25.9,71,
155,2025-07-29 00:00,25,79,
155,2025-07-29 01:00,25.4,78,
155,2025-07-29 02:00,24.7,79,
155,2025-07-29 03:00,24.7,82,
155,2025-07-29 04:00,25.1,81,
155,2025-07-29 05:00,24.3,82,
155,2025-07-29 06:00,24.8,82,0.01
155,2025-07-29 07:00,26.7,75,0.43
155,2025-07-29 08:00,27.8,69,1.15
155,2025-07-29 09:00,29.5,64,1.85
155,2025-07-29 10:00,30.8,57,2.45
155,2025-07-29 11:00,32.3,62,3.03
155,2025-07-29 12:00,32.7,62,3.23
155,2025-07-29 13:00,32.4,61,3.48
155,2025-07-29 14:00,33.4,55,3.33
155,2025-07-29 15:00,32.3,61,3.02
155,2025-07-29 16:00,30.9,65,2.49
155,2025-07-29 17:00,30.9,61,1.89
155,2025-07-29 18:00,29.8,58,1.11
155,2025-07-29 19:00,28.8,61,0.39
155,2025-07-29 20:00,27.5,63,0.02
155,2025-07-29 21:00,26.4,69,
155,2025-07-29 22:00,26,74,
155,2025-07-29 23:00,25.8,74,
155,2025-07-30 00:00,25.5,82,
155,2025-07-30 01:00,25.1,83,
155,2025-07-30 02:00,24.9,86,
155,2025-07-30 03:00,24.6,84,
155,2025-07-30 04:00,25,82,
155,2025-07-30 05:00,25.2,78,
155,2025-07-30 06:00,24.4,82,0.01
155,2025-07-30 07:00,26.1,74,0.41
155,2025-07-30 08:00,27.7,70,1.11
155,2025-07-30 09:00,29.1,66,1.86
155,2025-07-30 10:00,30.7,56,2.5
155,2025-07-30 11:00,32,54,2.96
155,2025-07-30 12:00,32.9,52,3.3
155,2025-07-30 13:00,33.7,45,3.46
155,2025-07-30 14:00,33.3,41,3.34
155,2025-07-30 15:00,33.1,40,2.97
155,2025-07-30 16:00,32.5,39,2.58
155,2025-07-30 17:00,30.1,53,1.44
155,2025-07-30 18:00,30.4,57,0.97
155,2025-07-30 19:00,28.8,62,0.41
155,2025-07-30 20:00,27.4,69,0.02
155,2025-07-30 21:00,27,73,
155,2025-07-30 22:00,26.4,75,
155,2025-07-30 23:00,25.7,76,
155,2025-07-31 00:00,24.9,84,
155,2025-07-31 01:00,25.3,82,
155,2025-07-31 02:00,24.8,84,
155,2025-07-31 03:00,25.2,81,
155,2025-07-31 04:00,25.2,81,
155,2025-07-31 05:00,25.2,79,
155,2025-07-31 06:00,25.4,79,0.02
155,2025-07-31 07:00,26.6,74,0.45
155,2025-07-31 08:00,28.3,72,1.11
155,2025-07-31 09:00,29.2,68,1.79
155,2025-07-31 10:00,30.5,65,2.04
155,2025-07-31 11:00,31.6,59,3
155,2025-07-31 12:00,32.5,57,3.28
155,2025-07-31 13:00,32.5,61,3.42
155,2025-07-31 14:00,32.7,51,3.33
155,2025-07-31 15:00,33.3,44,3.04
155,2025-07-31 16:00,31.8,53,2.54
155,2025-07-31 17:00,30.7,61,1.89
155,2025-07-31 18:00,30.9,62,1.17
155,2025-07-31 19:00,29.2,68,0.38
155,2025-07-31 20:00,27.5,77,0.01
155,2025-07-31 21:00,26.7,81,
155,2025-07-31 22:00,26.2,83,
155,2025-07-31 23:00,25.6,88,
155,2025-08-01 00:00,25.5,86,
155,2025-08-01 01:00,25.2,89,
155,2025-08-01 02:00,24.8,88,
155,2025-08-01 03:00,24.7,89,
155,2025-08-01 04:00,24.7,92,
155,2025-08-01 05:00,24.8,87,
155,2025-08-01 06:00,25.2,85,0.01
155,2025-08-01 07:00,26.2,81,0.37
155,2025-08-01 08:00,27.7,75,1.04
155,2025-08-01 09:00,29.3,68,1.76
155,2025-08-01 10:00,30.8,59,2.41
155,2025-08-01 11:00,32.6,52,2.88
155,2025-08-01 12:00,34.2,53,3.25
155,2025-08-01 13:00,32.6,59,3.42
155,2025-08-01 14:00,32.2,62,3.22
155,2025-08-01 15:00,31.8,67,2.95
155,2025-08-01 16:00,31.2,72,2.44
155,2025-08-01 17:00,30.1,75,1.78
155,2025-08-01 18:00,30.1,75,1.03
155,2025-08-01 19:00,28.9,81,0.36
155,2025-08-01 20:00,28.3,82,0.03
155,2025-08-01 21:00,27.6,87,
155,2025-08-01 22:00,27,87,
155,2025-08-01 23:00,26.8,90,
155,2025-08-02 00:00,26.5,91,
155,2025-08-02 01:00,26.5,93,
155,2025-08-02 02:00,26.2,95,
155,2025-08-02 03:00,25.9,95,
155,2025-08-02 04:00,25.9,94,
155,2025-08-02 05:00,25.6,97,
155,2025-08-02 06:00,25.8,96,0.01
155,2025-08-02 07:00,27.2,92,0.27
155,2025-08-02 08:00,29.9,81,1
155,2025-08-02 09:00,29.9,78,1.54
155,2025-08-02 10:00,31.9,69,2.43
155,2025-08-02 11:00,32.6,65,2.91
155,2025-08-02 12:00,33.7,60,3.24
155,2025-08-02 13:00,34.8,62,3.4
155,2025-08-02 14:00,34,62,2.99
155,2025-08-02 15:00,32.4,70,2.69
155,2025-08-02 16:00,31.8,72,2.28
155,2025-08-02 17:00,31.8,69,1.66
155,2025-08-02 18:00,31.3,72,0.73
155,2025-08-02 19:00,30.7,71,0.22
155,2025-08-02 20:00,29.9,79,0.02
155,2025-08-02 21:00,28.9,83,
155,2025-08-02 22:00,28.4,87,
155,2025-08-02 23:00,28,86,
155,2025-08-03 00:00,27.7,87,
155,2025-08-03 01:00,27.2,88,
155,2025-08-03 02:00,27.3,90,
155,2025-08-03 03:00,27.5,90,
155,2025-08-03 04:00,26.8,94,
155,2025-08-03 05:00,26.7,92,
155,2025-08-03 06:00,26.6,94,0
155,2025-08-03 07:00,27.7,92,0.13
155,2025-08-03 08:00,28.2,90,0.32
155,2025-08-03 09:00,28.7,85,0.48
155,2025-08-03 10:00,29.3,82,0.66
155,2025-08-03 11:00,30.5,78,1.32
155,2025-08-03 12:00,30.5,72,1.4
155,2025-08-03 13:00,31.6,62,2.03
155,2025-08-03 14:00,31.4,59,2.15
155,2025-08-03 15:00,31.2,61,2.11
155,2025-08-03 16:00,30.3,64,1.2
155,2025-08-03 17:00,30.6,67,0.98
155,2025-08-03 18:00,29.5,70,0.54
155,2025-08-03 19:00,29.1,77,0.15
155,2025-08-03 20:00,28.8,82,0.01
155,2025-08-03 21:00,27.5,92,
155,2025-08-03 22:00,26.7,93,
155,2025-08-03 23:00,27.8,87,
155,2025-08-04 00:00,28.4,83,
155,2025-08-04 01:00,29.1,79,
155,2025-08-04 02:00,29.5,77,
155,2025-08-04 03:00,28.3,89,
155,2025-08-04 04:00,28.3,88,
155,2025-08-04 05:00,27.4,93,
155,2025-08-04 06:00,27.6,92,0
155,2025-08-04 07:00,27.5,95,0.03
155,2025-08-04 08:00,29.6,89,0.46
155,2025-08-04 09:00,29.8,83,0.94
155,2025-08-04 10:00,30.7,79,1.17
155,2025-08-04 11:00,30.3,80,1.23
155,2025-08-04 12:00,30.2,80,1.29
155,2025-08-04 13:00,30.5,80,2.01
155,2025-08-04 14:00,31.2,77,1.81
155,2025-08-04 15:00,31.1,77,1.77
155,2025-08-04 16:00,29.8,82,0.83
155,2025-08-04 17:00,29.8,82,0.46
155,2025-08-04 18:00,29.2,84,0.52
155,2025-08-04 19:00,28.6,85,0.19
155,2025-08-04 20:00,28.6,85,0.03
155,2025-08-04 21:00,28.6,87,
155,2025-08-04 22:00,28.7,88,
155,2025-08-04 23:00,28.7,87,
155,2025-08-05 00:00,28.4,88,
155,2025-08-05 01:00,28,91,
155,2025-08-05 02:00,28,90,
155,2025-08-05 03:00,27.9,90,
155,2025-08-05 04:00,27.8,91,
155,2025-08-05 05:00,27.5,90,
155,2025-08-05 06:00,27.3,90,0.01
155,2025-08-05 07:00,27.8,91,0.15
155,2025-08-05 08:00,28.5,87,0.58
155,2025-08-05 09:00,29.6,81,1.7
155,2025-08-05 10:00,28.9,90,0.65
155,2025-08-05 11:00,27.8,92,1.41
155,2025-08-05 12:00,27.7,94,0.55
155,2025-08-05 13:00,28.2,91,0.66
155,2025-08-05 14:00,29.8,85,1.61
155,2025-08-05 15:00,30.3,84,2.12
155,2025-08-05 16:00,29.6,84,1.35
155,2025-08-05 17:00,29.7,83,0.38
155,2025-08-05 18:00,29.4,85,0.56
155,2025-08-05 19:00,28.9,87,0.09
155,2025-08-05 20:00,28.5,89,0.02
155,2025-08-05 21:00,29,82,
155,2025-08-05 22:00,28.7,82,
155,2025-08-05 23:00,28.1,85,
155,2025-08-06 00:00,28,85,
155,2025-08-06 01:00,27.8,86,
155,2025-08-06 02:00,27.7,86,
155,2025-08-06 03:00,28,86,
155,2025-08-06 04:00,27.9,87,
155,2025-08-06 05:00,27.4,91,
155,2025-08-06 06:00,27.8,90,0.01
155,2025-08-06 07:00,28.9,84,0.29
155,2025-08-06 08:00,29.2,81,0.73
155,2025-08-06 09:00,29.9,76,0.71
155,2025-08-06 10:00,31.2,68,1.74
155,2025-08-06 11:00,30.3,75,1.6
155,2025-08-06 12:00,30.8,73,2.23
155,2025-08-06 13:00,30.3,75,1.02
155,2025-08-06 14:00,29.2,83,0.55
155,2025-08-06 15:00,28.6,85,0.97
155,2025-08-06 16:00,29.5,83,1.12
155,2025-08-06 17:00,28,91,0.34
155,2025-08-06 18:00,28.7,87,0.48
155,2025-08-06 19:00,28.4,87,0.14
155,2025-08-06 20:00,28.2,88,0.02
155,2025-08-06 21:00,28.1,88,
155,2025-08-06 22:00,27.7,89,
155,2025-08-06 23:00,28.1,87,
155,2025-08-07 00:00,27.6,88,
155,2025-08-07 01:00,27.8,89,
155,2025-08-07 02:00,28.2,85,
155,2025-08-07 03:00,28.6,79,
155,2025-08-07 04:00,28.9,73,
155,2025-08-07 05:00,26.7,88,
155,2025-08-07 06:00,26.4,87,0.01
155,2025-08-07 07:00,26.9,87,0.2
155,2025-08-07 08:00,28.8,75,0.76
155,2025-08-07 09:00,30.9,66,1.53
155,2025-08-07 10:00,32,59,2.08
155,2025-08-07 11:00,32.5,62,2.18
155,2025-08-07 12:00,32,58,1.94
155,2025-08-07 13:00,32.9,53,2.7
155,2025-08-07 14:00,32.7,51,2.77
155,2025-08-07 15:00,32.9,53,2.57
155,2025-08-07 16:00,32.2,56,2.11
155,2025-08-07 17:00,31.8,61,1.13
155,2025-08-07 18:00,31.4,65,0.9
155,2025-08-07 19:00,29,71,0.3
155,2025-08-07 20:00,28.3,76,0.02
155,2025-08-07 21:00,28.5,76,
155,2025-08-07 22:00,27.1,78,
155,2025-08-07 23:00,26.8,74,
155,2025-08-08 00:00,26.1,72,
155,2025-08-08 01:00,25.7,76,
155,2025-08-08 02:00,24.7,82,
155,2025-08-08 03:00,24.7,76,
155,2025-08-08 04:00,25.5,75,
155,2025-08-08 05:00,24.7,81,
155,2025-08-08 06:00,23.7,87,0.01
155,2025-08-08 07:00,24.9,82,0.24
155,2025-08-08 08:00,26,75,0.75
155,2025-08-08 09:00,28.1,69,1.37
155,2025-08-08 10:00,29.2,64,2.01
155,2025-08-08 11:00,30.5,56,2.95
155,2025-08-08 12:00,29.6,64,2.09
155,2025-08-08 13:00,29.9,64,1.62
155,2025-08-08 14:00,30.8,58,2.04
155,2025-08-08 15:00,29.8,66,1.93
155,2025-08-08 16:00,30.1,64,1.34
155,2025-08-08 17:00,28.9,70,0.75
155,2025-08-08 18:00,28.2,72,0.56
155,2025-08-08 19:00,27.5,74,0.14
155,2025-08-08 20:00,26.7,78,0
155,2025-08-08 21:00,27,79,
155,2025-08-08 22:00,26.4,82,
155,2025-08-08 23:00,25.8,86,
155,2025-08-09 00:00,25.5,87,
155,2025-08-09 01:00,25.2,88,
155,2025-08-09 02:00,24.9,88,
155,2025-08-09 03:00,24.9,91,
155,2025-08-09 04:00,24.7,89,
155,2025-08-09 05:00,24.8,92,
155,2025-08-09 06:00,24.7,92,0
155,2025-08-09 07:00,25.3,90,0.08
155,2025-08-09 08:00,26.3,85,0.48
155,2025-08-09 09:00,27.4,82,0.59
155,2025-08-09 10:00,28,79,1.35
155,2025-08-09 11:00,28,78,1.41
155,2025-08-09 12:00,27.9,77,1.09
155,2025-08-09 13:00,27.7,80,0.85
155,2025-08-09 14:00,25,88,0.55
155,2025-08-09 15:00,23.1,89,0.37
155,2025-08-09 16:00,23,94,0.36
155,2025-08-09 17:00,23.1,94,0.19
155,2025-08-09 18:00,22.5,97,0.12
155,2025-08-09 19:00,22.6,97,0.02
155,2025-08-09 20:00,22.1,97,0.01
155,2025-08-09 21:00,22.4,97,
155,2025-08-09 22:00,22.3,97,
155,2025-08-09 23:00,22.8,96,
155,2025-08-10 00:00,22.8,96,
155,2025-08-10 01:00,22.4,97,
155,2025-08-10 02:00,22.1,98,
155,2025-08-10 03:00,22,98,
155,2025-08-10 04:00,22,98,
155,2025-08-10 05:00,21.9,98,
155,2025-08-10 06:00,22.1,97,0
155,2025-08-10 07:00,22,97,0.03
155,2025-08-10 08:00,22.4,96,0.24
155,2025-08-10 09:00,22.2,97,0.11
155,2025-08-10 10:00,23.4,96,0.48
155,2025-08-10 11:00,22.9,92,0.45
155,2025-08-10 12:00,23,97,0.32
155,2025-08-10 13:00,24.7,88,0.96
155,2025-08-10 14:00,25.8,81,1.16
155,2025-08-10 15:00,27.4,79,1.57
155,2025-08-10 16:00,27.3,81,1.96
155,2025-08-10 17:00,26.6,85,0.9
155,2025-08-10 18:00,26.1,85,0.43
155,2025-08-10 19:00,25.6,87,0.32
155,2025-08-10 20:00,24.4,90,0.01
155,2025-08-10 21:00,23.8,93,
155,2025-08-10 22:00,23.6,94,
155,2025-08-10 23:00,23.2,97,
155,2025-08-11 00:00,22.9,97,
155,2025-08-11 01:00,22.6,97,
155,2025-08-11 02:00,22.7,97,
155,2025-08-11 03:00,22.9,97,
155,2025-08-11 04:00,23,96,
155,2025-08-11 05:00,23,95,
155,2025-08-11 06:00,23,94,0
155,2025-08-11 07:00,23.2,94,0.1
155,2025-08-11 08:00,25.2,86,0.7
155,2025-08-11 09:00,25.8,78,1.76
155,2025-08-11 10:00,28.2,67,2.36
155,2025-08-11 11:00,29.2,70,2.8
155,2025-08-11 12:00,29.2,70,2.56
155,2025-08-11 13:00,26.9,76,1.46
155,2025-08-11 14:00,26,84,0.74
155,2025-08-11 15:00,24.6,95,0.32
155,2025-08-11 16:00,24.6,95,0.33
155,2025-08-11 17:00,23.5,88,0.21
155,2025-08-11 18:00,21.9,95,0.09
155,2025-08-11 19:00,21.4,90,0.06
155,2025-08-11 20:00,20.4,95,0
155,2025-08-11 21:00,21.1,89,
155,2025-08-11 22:00,20.6,92,
155,2025-08-11 23:00,20.4,94,
155,2025-08-12 00:00,21.1,91,
155,2025-08-12 01:00,20.7,96,
155,2025-08-12 02:00,20.7,98,
155,2025-08-12 03:00,20.7,97,
155,2025-08-12 04:00,21.2,95,
155,2025-08-12 05:00,21.3,95,
155,2025-08-12 06:00,21.4,96,0
155,2025-08-12 07:00,21.4,96,0.03
155,2025-08-12 08:00,21.6,97,0.12
155,2025-08-12 09:00,21.4,98,0.11
155,2025-08-12 10:00,21.7,98,0.1
155,2025-08-12 11:00,21.7,96,0.26
155,2025-08-12 12:00,22.8,95,0.59
155,2025-08-12 13:00,23.2,95,0.58
155,2025-08-12 14:00,22.7,98,0.16
155,2025-08-12 15:00,22.9,98,0.27
155,2025-08-12 16:00,23.6,97,0.26
155,2025-08-12 17:00,23.6,97,0.19
155,2025-08-12 18:00,23.6,98,0.07
155,2025-08-12 19:00,23.7,98,0.05
155,2025-08-12 20:00,23.5,98,0
155,2025-08-12 21:00,23.7,98,
155,2025-08-12 22:00,23.8,98,
155,2025-08-12 23:00,23.9,98,
155,2025-08-13 00:00,23.9,98,
155,2025-08-13 01:00,24,98,
155,2025-08-13 02:00,23.9,98,
155,2025-08-13 03:00,23.9,99,
155,2025-08-13 04:00,24.2,99,
155,2025-08-13 05:00,24.3,98,
155,2025-08-13 06:00,24.4,98,0
155,2025-08-13 07:00,24.5,99,0.11
155,2025-08-13 08:00,25.3,98,0.37
155,2025-08-13 09:00,27.8,92,1.24
155,2025-08-13 10:00,29.2,84,2.5
155,2025-08-13 11:00,29.6,82,2.76
155,2025-08-13 12:00,29.4,83,2.15
155,2025-08-13 13:00,30.7,78,1.92
155,2025-08-13 14:00,30.3,74,2.09
155,2025-08-13 15:00,31.1,70,2.12
155,2025-08-13 16:00,30.4,72,2.22
155,2025-08-13 17:00,29.6,77,1.18
155,2025-08-13 18:00,28.9,82,0.55
155,2025-08-13 19:00,28.3,85,0.19
155,2025-08-13 20:00,27.9,87,0
155,2025-08-13 21:00,27,92,
155,2025-08-13 22:00,26.9,92,
155,2025-08-13 23:00,26.9,92,
155,2025-08-14 00:00,27.2,91,
155,2025-08-14 01:00,26.8,93,
155,2025-08-14 02:00,26.4,94,
155,2025-08-14 03:00,26,96,
155,2025-08-14 04:00,25.9,96,
155,2025-08-14 05:00,25.6,97,
155,2025-08-14 06:00,25.2,97,0.01
155,2025-08-14 07:00,26.8,94,0.28
155,2025-08-14 08:00,27.8,87,0.54
155,2025-08-14 09:00,29.4,78,1.39
155,2025-08-14 10:00,30.4,77,2.15
155,2025-08-14 11:00,30.6,77,2.91
155,2025-08-14 12:00,31.6,70,2.76
155,2025-08-14 13:00,32.6,68,2.68
155,2025-08-14 14:00,32.8,66,2.93
155,2025-08-14 15:00,32.5,69,2.18
155,2025-08-14 16:00,31.7,69,2.17
155,2025-08-14 17:00,31.9,69,1.78
155,2025-08-14 18:00,31.3,73,1.02
155,2025-08-14 19:00,29.2,81,0.26
155,2025-08-14 20:00,28.2,85,0.01
155,2025-08-14 21:00,27.5,88,
155,2025-08-14 22:00,27.1,90,
155,2025-08-14 23:00,26.6,92,
155,2025-08-15 00:00,26.4,93,
155,2025-08-15 01:00,25.7,95,
155,2025-08-15 02:00,26,95,
155,2025-08-15 03:00,25.6,96,
155,2025-08-15 04:00,25.9,94,
155,2025-08-15 05:00,25.8,95,
155,2025-08-15 06:00,25.6,96,0.01
155,2025-08-15 07:00,27.2,88,0.31
155,2025-08-15 08:00,28.8,79,1
155,2025-08-15 09:00,30.2,71,1.73
155,2025-08-15 10:00,31.9,65,2.38
155,2025-08-15 11:00,32.3,64,2.98
155,2025-08-15 12:00,32.9,58,3.34
155,2025-08-15 13:00,33.4,60,2.75
155,2025-08-15 14:00,34.4,56,3.25
155,2025-08-15 15:00,32.5,66,2.04
155,2025-08-15 16:00,32.8,67,1.67
155,2025-08-15 17:00,32.7,63,1.81
155,2025-08-15 18:00,31.7,67,1
155,2025-08-15 19:00,29.9,77,0.25
155,2025-08-15 20:00,28.5,82,0.01
155,2025-08-15 21:00,28.1,84,
155,2025-08-15 22:00,27.6,86,
155,2025-08-15 23:00,27.1,86,
155,2025-08-16 00:00,26.4,90,
155,2025-08-16 01:00,26.2,91,
155,2025-08-16 02:00,25.9,93,
155,2025-08-16 03:00,25.7,93,
155,2025-08-16 04:00,25.9,93,
155,2025-08-16 05:00,25.5,95,
155,2025-08-16 06:00,25.5,94,0
155,2025-08-16 07:00,27.2,88,0.28
155,2025-08-16 08:00,28.6,81,0.94
155,2025-08-16 09:00,30.1,73,1.65
155,2025-08-16 10:00,32,74,2.33
155,2025-08-16 11:00,31.6,72,2.94
155,2025-08-16 12:00,32.4,70,3.24
155,2025-08-16 13:00,33.2,67,3.34
155,2025-08-16 14:00,33.1,67,3.31
155,2025-08-16 15:00,33,68,2.87
155,2025-08-16 16:00,33.5,58,2.38
155,2025-08-16 17:00,32.7,65,1.69
155,2025-08-16 18:00,31.9,68,0.97
155,2025-08-16 19:00,30,76,0.25
155,2025-08-16 20:00,28.6,80,0
155,2025-08-16 21:00,27.7,83,
155,2025-08-16 22:00,27,84,
155,2025-08-16 23:00,26.5,85,
155,2025-08-17 00:00,26.1,86,
155,2025-08-17 01:00,25.5,89,
155,2025-08-17 02:00,25.7,89,
155,2025-08-17 03:00,24.9,92,
155,2025-08-17 04:00,24.6,94,
155,2025-08-17 05:00,24.5,93,
155,2025-08-17 06:00,24.4,95,0
155,2025-08-17 07:00,26.6,85,0.31
155,2025-08-17 08:00,27.8,79,1.01
155,2025-08-17 09:00,29.7,71,1.76
155,2025-08-17 10:00,31.2,66,2.24
155,2025-08-17 11:00,31.8,68,2.94
155,2025-08-17 12:00,32.4,57,3.2
155,2025-08-17 13:00,33.4,54,3.17
155,2025-08-17 14:00,33.6,55,3.02
155,2025-08-17 15:00,34,55,2.91
155,2025-08-17 16:00,34.2,57,2.41
155,2025-08-17 17:00,33.7,60,1.71
155,2025-08-17 18:00,32,65,0.97
155,2025-08-17 19:00,29.7,76,0.24
155,2025-08-17 20:00,28.4,82,0.01
155,2025-08-17 21:00,27.5,87,
155,2025-08-17 22:00,27.4,87,
155,2025-08-17 23:00,26.6,90,
155,2025-08-18 00:00,26.5,89,
155,2025-08-18 01:00,26.3,90,
155,2025-08-18 02:00,26.1,91,
155,2025-08-18 03:00,25.7,93,
155,2025-08-18 04:00,25.3,95,
155,2025-08-18 05:00,25.1,96,
155,2025-08-18 06:00,25.3,96,0
155,2025-08-18 07:00,26.3,92,0.18
155,2025-08-18 08:00,27.4,83,0.56
155,2025-08-18 09:00,29.1,76,1.25
155,2025-08-18 10:00,30.7,76,2.33
155,2025-08-18 11:00,32.1,71,2.77
155,2025-08-18 12:00,32.8,67,2.87
155,2025-08-18 13:00,32.9,62,3.06
155,2025-08-18 14:00,32.7,63,2.65
155,2025-08-18 15:00,32.3,64,2.45
155,2025-08-18 16:00,31.6,68,1.82
155,2025-08-18 17:00,30.8,70,1.15
155,2025-08-18 18:00,30.5,72,0.9
155,2025-08-18 19:00,29.3,76,0.2
155,2025-08-18 20:00,28.6,80,0
155,2025-08-18 21:00,27.9,83,
155,2025-08-18 22:00,27.7,83,
155,2025-08-18 23:00,27.2,86,
155,2025-08-19 00:00,27.2,87,
155,2025-08-19 01:00,26.8,89,
155,2025-08-19 02:00,26.1,91,
155,2025-08-19 03:00,25.8,90,
155,2025-08-19 04:00,25.8,89,
155,2025-08-19 05:00,25.4,91,
155,2025-08-19 06:00,25.6,89,0
155,2025-08-19 07:00,26.5,88,0.18
155,2025-08-19 08:00,28.5,81,0.8
155,2025-08-19 09:00,30.2,73,1.59
155,2025-08-19 10:00,30.2,71,2.36
155,2025-08-19 11:00,32.3,67,2.84
155,2025-08-19 12:00,32.3,64,3.22
155,2025-08-19 13:00,32.8,60,3.22
155,2025-08-19 14:00,32.6,61,2.99
155,2025-08-19 15:00,32.2,64,2.84
155,2025-08-19 16:00,31.3,65,2.31
155,2025-08-19 17:00,30.8,68,1.61
155,2025-08-19 18:00,30,71,0.89
155,2025-08-19 19:00,29,75,0.22
155,2025-08-19 20:00,28.3,77,0
155,2025-08-19 21:00,27.8,80,
155,2025-08-19 22:00,27.3,83,
155,2025-08-19 23:00,27.2,85,
155,2025-08-20 00:00,27.2,85,
155,2025-08-20 01:00,27,85,
155,2025-08-20 02:00,25.9,90,
155,2025-08-20 03:00,25.6,92,
155,2025-08-20 04:00,25.5,88,
155,2025-08-20 05:00,24.9,91,
155,2025-08-20 06:00,25,90,0
155,2025-08-20 07:00,26.4,84,0.25
155,2025-08-20 08:00,28.5,78,0.89
155,2025-08-20 09:00,30.3,74,1.61
155,2025-08-20 10:00,30.1,78,2.31
155,2025-08-20 11:00,31.5,69,2.93
155,2025-08-20 12:00,31.2,71,3.19
155,2025-08-20 13:00,31.4,72,3.33
155,2025-08-20 14:00,31.3,71,2.46
155,2025-08-20 15:00,32.5,66,2.87
155,2025-08-20 16:00,31.8,68,2.2
155,2025-08-20 17:00,30.9,70,1.68
155,2025-08-20 18:00,30,72,0.91
155,2025-08-20 19:00,28.9,77,0.2
155,2025-08-20 20:00,27.5,83,0.01
155,2025-08-20 21:00,26.9,84,
155,2025-08-20 22:00,26.2,87,
155,2025-08-20 23:00,26.4,87,
155,2025-08-21 00:00,26,89,
155,2025-08-21 01:00,25.7,91,
155,2025-08-21 02:00,25.1,92,
155,2025-08-21 03:00,25.7,88,
155,2025-08-21 04:00,25.2,90,
155,2025-08-21 05:00,25.2,89,
155,2025-08-21 06:00,25.5,89,0
155,2025-08-21 07:00,26.5,82,0.25
155,2025-08-21 08:00,27.9,77,0.86
155,2025-08-21 09:00,29.8,72,1.59
155,2025-08-21 10:00,31.6,66,2.22
155,2025-08-21 11:00,32.1,63,2.84
155,2025-08-21 12:00,33.5,61,3.22
155,2025-08-21 13:00,33.4,58,3.19
155,2025-08-21 14:00,32.5,59,3.25
155,2025-08-21 15:00,32.3,64,2.76
155,2025-08-21 16:00,31.4,61,2.19
155,2025-08-21 17:00,30.6,64,1.61
155,2025-08-21 18:00,30.1,69,0.9
155,2025-08-21 19:00,29,74,0.18
155,2025-08-21 20:00,28.2,82,0
155,2025-08-21 21:00,27.7,84,
155,2025-08-21 22:00,27.9,82,
155,2025-08-21 23:00,27.2,87,
155,2025-08-22 00:00,27,88,
155,2025-08-22 01:00,26.8,88,
155,2025-08-22 02:00,26.5,90,
155,2025-08-22 03:00,26.5,90,
155,2025-08-22 04:00,26.2,91,
155,2025-08-22 05:00,26,92,
155,2025-08-22 06:00,26.1,93,0
155,2025-08-22 07:00,27.3,86,0.22
155,2025-08-22 08:00,28.6,80,0.79
155,2025-08-22 09:00,30.1,72,1.52
155,2025-08-22 10:00,30.9,69,1.99
155,2025-08-22 11:00,33.4,64,2.6
155,2025-08-22 12:00,34.1,64,2.98
155,2025-08-22 13:00,33.1,66,3.29
155,2025-08-22 14:00,31.5,68,2.33
155,2025-08-22 15:00,32.1,69,2.43
155,2025-08-22 16:00,31.8,70,1.92
155,2025-08-22 17:00,31.6,71,1.43
155,2025-08-22 18:00,30.6,75,0.58
155,2025-08-22 19:00,29.3,80,0.2
155,2025-08-22 20:00,28.1,85,0
155,2025-08-22 21:00,28.1,80,
155,2025-08-22 22:00,28.2,79,
155,2025-08-22 23:00,27.2,86,
155,2025-08-23 00:00,26.5,89,
155,2025-08-23 01:00,26.4,89,
155,2025-08-23 02:00,26.3,90,
155,2025-08-23 03:00,26.1,92,
155,2025-08-23 04:00,26.1,93,
155,2025-08-23 05:00,25.9,94,
155,2025-08-23 06:00,25.8,93,0
155,2025-08-23 07:00,27.1,88,0.21
155,2025-08-23 08:00,28.8,81,0.84
155,2025-08-23 09:00,30.6,70,1.59
155,2025-08-23 10:00,31.6,67,2.27
155,2025-08-23 11:00,32.5,63,2.8
155,2025-08-23 12:00,33,67,3.06
155,2025-08-23 13:00,34,62,3.21
155,2025-08-23 14:00,34.4,59,3.1
155,2025-08-23 15:00,33.7,55,2.73
155,2025-08-23 16:00,33.3,61,2.22
155,2025-08-23 17:00,32,67,1.62
155,2025-08-23 18:00,31,70,0.87
155,2025-08-23 19:00,29.4,76,0.15
155,2025-08-23 20:00,28.3,82,0
155,2025-08-23 21:00,27.5,86,
155,2025-08-23 22:00,27.3,88,
155,2025-08-23 23:00,26.9,89,
155,2025-08-24 00:00,26.7,90,
155,2025-08-24 01:00,26,92,
155,2025-08-24 02:00,26,92,
155,2025-08-24 03:00,25.6,94,
155,2025-08-24 04:00,25.7,93,
155,2025-08-24 05:00,25.4,95,
155,2025-08-24 06:00,25.5,95,0
155,2025-08-24 07:00,26.9,90,0.21
155,2025-08-24 08:00,28.5,84,0.69
155,2025-08-24 09:00,30.1,78,1.5
155,2025-08-24 10:00,31.3,74,2.06
155,2025-08-24 11:00,33.4,66,2.9
155,2025-08-24 12:00,32.7,71,2.39
155,2025-08-24 13:00,33.5,64,2.73
155,2025-08-24 14:00,34,63,2.69
155,2025-08-24 15:00,33.9,59,2.78
155,2025-08-24 16:00,32.8,62,2.19
155,2025-08-24 17:00,32.3,65,1.55
155,2025-08-24 18:00,31.2,70,0.88
155,2025-08-24 19:00,29.8,76,0.2
155,2025-08-24 20:00,28.8,81,0
155,2025-08-24 21:00,28.2,84,
155,2025-08-24 22:00,27.9,85,
155,2025-08-24 23:00,27.5,88,
155,2025-08-25 00:00,27.1,90,
155,2025-08-25 01:00,26.4,92,
155,2025-08-25 02:00,26.4,91,
155,2025-08-25 03:00,26.4,92,
155,2025-08-25 04:00,26.2,92,
155,2025-08-25 05:00,26.1,92,
155,2025-08-25 06:00,25.8,93,0
155,2025-08-25 07:00,27.4,87,0.22
155,2025-08-25 08:00,28.9,81,0.87
155,2025-08-25 09:00,30.1,77,1.58
155,2025-08-25 10:00,31.9,70,2.19
155,2025-08-25 11:00,32.2,68,2.67
155,2025-08-25 12:00,33.5,62,2.82
155,2025-08-25 13:00,34.4,61,2.7
155,2025-08-25 14:00,33.4,61,3.13
155,2025-08-25 15:00,32.3,67,2.68
155,2025-08-25 16:00,31.9,68,1.55
155,2025-08-25 17:00,31.4,66,1.32
155,2025-08-25 18:00,30.6,72,0.76
155,2025-08-25 19:00,29.4,77,0.13
155,2025-08-25 20:00,28.6,79,0
155,2025-08-25 21:00,28,80,
155,2025-08-25 22:00,27.8,81,
155,2025-08-25 23:00,27.5,85,
155,2025-08-26 00:00,27.2,88,
155,2025-08-26 01:00,26.8,88,
155,2025-08-26 02:00,26.5,88,
155,2025-08-26 03:00,26.7,88,
155,2025-08-26 04:00,26,90,
155,2025-08-26 05:00,26.3,89,
155,2025-08-26 06:00,26.6,87,0
155,2025-08-26 07:00,27.6,84,0.17
155,2025-08-26 08:00,29.3,79,0.8
155,2025-08-26 09:00,30.6,72,1.08
155,2025-08-26 10:00,31.2,70,2.2
155,2025-08-26 11:00,32.3,68,2.49
155,2025-08-26 12:00,33.3,66,3.01
155,2025-08-26 13:00,32,67,3.02
155,2025-08-26 14:00,31,73,1.63
155,2025-08-26 15:00,32.1,60,2.25
155,2025-08-26 16:00,32.9,54,2.27
155,2025-08-26 17:00,31,66,1.18
155,2025-08-26 18:00,29.5,74,0.67
155,2025-08-26 19:00,28.9,80,0.03
155,2025-08-26 20:00,27.8,85,0
155,2025-08-26 21:00,27.8,85,
155,2025-08-26 22:00,27.3,88,
155,2025-08-26 23:00,27,90,
155,2025-08-27 00:00,26.5,92,
155,2025-08-27 01:00,26.5,93,
155,2025-08-27 02:00,26.4,91,
155,2025-08-27 03:00,26.6,90,
155,2025-08-27 04:00,25.8,94,
155,2025-08-27 05:00,25.9,94,
155,2025-08-27 06:00,25.4,95,0
155,2025-08-27 07:00,26.8,88,0.19
155,2025-08-27 08:00,27.9,80,0.82
155,2025-08-27 09:00,29.5,72,1.54
155,2025-08-27 10:00,30.4,62,2.23
155,2025-08-27 11:00,31.8,57,2.51
155,2025-08-27 12:00,30.6,63,1.69
155,2025-08-27 13:00,32.1,58,1.8
155,2025-08-27 14:00,31.2,63,3.06
155,2025-08-27 15:00,29.7,63,2.8
155,2025-08-27 16:00,29.5,64,1.88
155,2025-08-27 17:00,29.5,63,1.18
155,2025-08-27 18:00,28.8,59,0.86
155,2025-08-27 19:00,28.2,60,0.14
155,2025-08-27 20:00,27.4,65,0
155,2025-08-27 21:00,26,73,
155,2025-08-27 22:00,25.6,79,
155,2025-08-27 23:00,25.3,79,
155,2025-08-28 00:00,24.8,85,
155,2025-08-28 01:00,24.8,86,
155,2025-08-28 02:00,25.2,83,
155,2025-08-28 03:00,25.2,84,
155,2025-08-28 04:00,25.6,80,
155,2025-08-28 05:00,25.3,82,
155,2025-08-28 06:00,25.4,82,0
155,2025-08-28 07:00,25.9,80,0.14
155,2025-08-28 08:00,27.1,75,0.76
155,2025-08-28 09:00,27.8,73,0.99
155,2025-08-28 10:00,28.9,71,1.23
155,2025-08-28 11:00,29.9,68,1.74
155,2025-08-28 12:00,31.3,64,3.03
155,2025-08-28 13:00,31.7,60,2.11
155,2025-08-28 14:00,31,63,2.87
155,2025-08-28 15:00,30.6,68,2.81
155,2025-08-28 16:00,30.3,73,2
155,2025-08-28 17:00,29.4,75,1.38
155,2025-08-28 18:00,28.7,79,0.67
155,2025-08-28 19:00,28,79,0.1
155,2025-08-28 20:00,27.3,82,0
155,2025-08-28 21:00,26.9,83,
155,2025-08-28 22:00,26.4,85,
155,2025-08-28 23:00,25.9,86,
155,2025-08-29 00:00,26.1,85,
155,2025-08-29 01:00,25.7,90,
155,2025-08-29 02:00,25.8,89,
155,2025-08-29 03:00,25.6,91,
155,2025-08-29 04:00,25.3,92,
155,2025-08-29 05:00,24.6,94,
155,2025-08-29 06:00,24.5,94,0
155,2025-08-29 07:00,25.9,88,0.18
155,2025-08-29 08:00,27.7,84,0.85
155,2025-08-29 09:00,29.1,78,1.5
155,2025-08-29 10:00,30.7,70,2.1
155,2025-08-29 11:00,32.2,66,2.53
155,2025-08-29 12:00,33,63,3.08
155,2025-08-29 13:00,32.5,63,3.02
155,2025-08-29 14:00,34,59,3.06
155,2025-08-29 15:00,32.8,63,2.32
155,2025-08-29 16:00,32.7,64,2.07
155,2025-08-29 17:00,31.8,68,1.49
155,2025-08-29 18:00,30.7,72,0.75
155,2025-08-29 19:00,29.2,76,0.11
155,2025-08-29 20:00,28.5,80,0
155,2025-08-29 21:00,27.9,82,
155,2025-08-29 22:00,27.3,85,
155,2025-08-29 23:00,26.8,88,
155,2025-08-30 00:00,26.3,91,
155,2025-08-30 01:00,26.1,92,
155,2025-08-30 02:00,26.6,90,
155,2025-08-30 03:00,25.7,93,
155,2025-08-30 04:00,25.4,95,
155,2025-08-30 05:00,25.3,95,
155,2025-08-30 06:00,25.2,95,0
155,2025-08-30 07:00,27.2,87,0.22
155,2025-08-30 08:00,28.8,79,0.86
155,2025-08-30 09:00,30.4,70,1.6
155,2025-08-30 10:00,32.3,67,2.25
155,2025-08-30 11:00,33.1,63,2.78
155,2025-08-30 12:00,33.5,62,3.17
155,2025-08-30 13:00,34.2,57,3.23
155,2025-08-30 14:00,33.5,59,2.99
155,2025-08-30 15:00,34.1,55,2.66
155,2025-08-30 16:00,33.4,57,2.17
155,2025-08-30 17:00,32.1,60,1.49
155,2025-08-30 18:00,31.2,66,0.78
155,2025-08-30 19:00,29.6,70,0.11
155,2025-08-30 20:00,28.7,72,
155,2025-08-30 21:00,27.7,78,
155,2025-08-30 22:00,27.3,78,
155,2025-08-30 23:00,27.1,80,
155,2025-08-31 00:00,26.8,80,
155,2025-08-31 01:00,26.3,84,
155,2025-08-31 02:00,25.9,88,
155,2025-08-31 03:00,25.6,90,
155,2025-08-31 04:00,25.2,92,
155,2025-08-31 05:00,25.2,92,
155,2025-08-31 06:00,25.4,91,0
155,2025-08-31 07:00,27.1,84,0.24
155,2025-08-31 08:00,28.4,78,0.57
155,2025-08-31 09:00,30.1,72,1.43
155,2025-08-31 10:00,29,77,1.02
155,2025-08-31 11:00,28.6,81,0.71
155,2025-08-31 12:00,26.6,91,0.16
155,2025-08-31 13:00,26.7,93,1.13
155,2025-08-31 14:00,27.1,89,1.09
155,2025-08-31 15:00,28.5,81,1.88
155,2025-08-31 16:00,28.5,79,1.53
155,2025-08-31 17:00,29,77,0.95
155,2025-08-31 18:00,28.4,77,0.64
155,2025-08-31 19:00,27.2,85,0.05
155,2025-08-31 20:00,26.4,91,
155,2025-08-31 21:00,25.7,96,
155,2025-08-31 22:00,25.7,97,
155,2025-08-31 23:00,25.7,97,
155,2025-09-01 00:00,25.5,97,
155,2025-09-01 01:00,25.5,97,
155,2025-09-01 02:00,25.5,97,
155,2025-09-01 03:00,25.6,97,
155,2025-09-01 04:00,25.6,97,
155,2025-09-01 05:00,25.9,94,
155,2025-09-01 06:00,25.9,93,0
155,2025-09-01 07:00,26.7,91,0.19
155,2025-09-01 08:00,27,91,0.5
155,2025-09-01 09:00,27.2,91,0.97
155,2025-09-01 10:00,26.7,95,0.47
155,2025-09-01 11:00,26.8,91,0.86
155,2025-09-01 12:00,26.8,90,0.74
155,2025-09-01 13:00,27.5,88,0.95
155,2025-09-01 14:00,27,90,0.64
155,2025-09-01 15:00,27,90,0.34
155,2025-09-01 16:00,27,91,0.45
155,2025-09-01 17:00,27.4,91,0.29
155,2025-09-01 18:00,27.1,89,0.26
155,2025-09-01 19:00,26.6,91,0.08
155,2025-09-01 20:00,26.4,92,
155,2025-09-01 21:00,26.3,93,
155,2025-09-01 22:00,26.3,93,
155,2025-09-01 23:00,26.2,94,
155,2025-09-02 00:00,26.1,94,
155,2025-09-02 01:00,26,95,
155,2025-09-02 02:00,25.7,96,
155,2025-09-02 03:00,25.9,95,
155,2025-09-02 04:00,25.9,96,
155,2025-09-02 05:00,25.5,97,
155,2025-09-02 06:00,25.4,97,0
155,2025-09-02 07:00,26.2,94,0.04
155,2025-09-02 08:00,27,92,0.31
155,2025-09-02 09:00,28.4,85,0.73
155,2025-09-02 10:00,29,79,1.42
155,2025-09-02 11:00,29.2,77,1.66
155,2025-09-02 12:00,23,95,0.92
155,2025-09-02 13:00,25,85,0.62
155,2025-09-02 14:00,23.5,97,0.1
155,2025-09-02 15:00,25.6,90,1.55
155,2025-09-02 16:00,27.1,80,2.13
155,2025-09-02 17:00,28.6,80,1.45
155,2025-09-02 18:00,27.2,88,0.49
155,2025-09-02 19:00,26.3,91,0.11
155,2025-09-02 20:00,25.9,95,
155,2025-09-02 21:00,25.4,93,
155,2025-09-02 22:00,25.3,90,
155,2025-09-02 23:00,24.6,95,
155,2025-09-03 00:00,24.5,95,
155,2025-09-03 01:00,24.3,97,
155,2025-09-03 02:00,24,97,
155,2025-09-03 03:00,24,97,
155,2025-09-03 04:00,23.9,97,
155,2025-09-03 05:00,23.9,98,
155,2025-09-03 06:00,24.3,97,
155,2025-09-03 07:00,24.8,92,0.07
155,2025-09-03 08:00,25.5,89,0.35
155,2025-09-03 09:00,27.6,82,1.26
155,2025-09-03 10:00,29.5,74,2.15
155,2025-09-03 11:00,29.7,70,2.67
155,2025-09-03 12:00,30.8,69,3
155,2025-09-03 13:00,30.3,68,3.15
155,2025-09-03 14:00,29.9,73,2.72
155,2025-09-03 15:00,30.6,69,2.44
155,2025-09-03 16:00,29.6,70,1.86
155,2025-09-03 17:00,30.4,70,1.33
155,2025-09-03 18:00,28.9,78,0.58
155,2025-09-03 19:00,27,84,0.08
155,2025-09-03 20:00,26.1,87,
155,2025-09-03 21:00,25.3,90,
155,2025-09-03 22:00,25.8,89,
155,2025-09-03 23:00,25.8,83,
155,2025-09-04 00:00,25.3,80,
155,2025-09-04 01:00,25.4,76,
155,2025-09-04 02:00,24.7,79,
155,2025-09-04 03:00,24.5,84,
155,2025-09-04 04:00,25.2,80,
155,2025-09-04 05:00,24.3,86,
155,2025-09-04 06:00,24.4,87,
155,2025-09-04 07:00,24.8,85,0.11
155,2025-09-04 08:00,26.4,79,0.75
155,2025-09-04 09:00,28.2,75,1.53
155,2025-09-04 10:00,29.8,73,2.15
155,2025-09-04 11:00,30.1,67,2.52
155,2025-09-04 12:00,31.8,66,2.59
155,2025-09-04 13:00,31.1,65,1.91
155,2025-09-04 14:00,33,63,1.29
155,2025-09-04 15:00,31.7,66,2.68
155,2025-09-04 16:00,30.5,69,1.4
155,2025-09-04 17:00,29.2,74,0.64
155,2025-09-04 18:00,28.1,77,0.15
155,2025-09-04 19:00,27.4,81,0.02
155,2025-09-04 20:00,26.3,94,
155,2025-09-04 21:00,26.7,88,
155,2025-09-04 22:00,26.9,86,
155,2025-09-04 23:00,26.7,85,
155,2025-09-05 00:00,26.2,85,
155,2025-09-05 01:00,25.7,85,
155,2025-09-05 02:00,25.9,84,
155,2025-09-05 03:00,25.6,84,
155,2025-09-05 04:00,25.4,84,
155,2025-09-05 05:00,26.1,82,
155,2025-09-05 06:00,24.8,88,
155,2025-09-05 07:00,26.1,83,0.16
155,2025-09-05 08:00,27.4,79,0.83
155,2025-09-05 09:00,28.8,74,1.54
155,2025-09-05 10:00,29.5,69,2.19
155,2025-09-05 11:00,30.8,66,2.74
155,2025-09-05 12:00,31.4,62,3.06
155,2025-09-05 13:00,31.5,67,2.37
155,2025-09-05 14:00,29.3,73,1.43
155,2025-09-05 15:00,29.4,71,1.91
155,2025-09-05 16:00,28.8,71,2.02
155,2025-09-05 17:00,28.7,72,1.26
155,2025-09-05 18:00,27.5,73,0.42
155,2025-09-05 19:00,27.2,73,0.05
155,2025-09-05 20:00,26.9,75,
155,2025-09-05 21:00,26.2,78,
155,2025-09-05 22:00,25.9,83,
155,2025-09-05 23:00,25.6,85,
155,2025-09-06 00:00,25.2,89,
155,2025-09-06 01:00,24.9,90,
155,2025-09-06 02:00,24.6,92,
155,2025-09-06 03:00,24.4,93,
155,2025-09-06 04:00,24.4,94,
155,2025-09-06 05:00,24.1,95,
155,2025-09-06 06:00,24,96,
155,2025-09-06 07:00,25.1,93,0.12
155,2025-09-06 08:00,27.5,82,0.79
155,2025-09-06 09:00,27.3,82,0.86
155,2025-09-06 10:00,28.6,79,1.46
155,2025-09-06 11:00,29.7,74,2.38
155,2025-09-06 12:00,31.3,72,2.99
155,2025-09-06 13:00,31.7,68,3.28
155,2025-09-06 14:00,30.2,72,1.59
155,2025-09-06 15:00,30.2,74,0.84
155,2025-09-06 16:00,30.2,73,1.25
155,2025-09-06 17:00,29.9,75,0.75
155,2025-09-06 18:00,29.4,75,0.37
155,2025-09-06 19:00,28.6,80,0.08
155,2025-09-06 20:00,27.9,83,
155,2025-09-06 21:00,27.4,86,
155,2025-09-06 22:00,27.1,87,
155,2025-09-06 23:00,26.7,89,
155,2025-09-07 00:00,26.7,89,
155,2025-09-07 01:00,26.6,89,
155,2025-09-07 02:00,26.1,90,
155,2025-09-07 03:00,26.4,88,
155,2025-09-07 04:00,26.4,88,
155,2025-09-07 05:00,26.1,90,
155,2025-09-07 06:00,26,91,
155,2025-09-07 07:00,27.3,82,0.15
155,2025-09-07 08:00,28.9,75,0.57
155,2025-09-07 09:00,30.3,74,1.43
155,2025-09-07 10:00,30.4,73,1.83
155,2025-09-07 11:00,31.8,70,2.17
155,2025-09-07 12:00,31.1,73,1.46
155,2025-09-07 13:00,32.3,71,1.55
155,2025-09-07 14:00,31.5,70,1.77
155,2025-09-07 15:00,30.7,73,1.86
155,2025-09-07 16:00,28.3,88,0.3
155,2025-09-07 17:00,27.5,93,0.11
155,2025-09-07 18:00,26.4,93,0.05
155,2025-09-07 19:00,25.9,96,0.03
155,2025-09-07 20:00,25.4,96,
155,2025-09-07 21:00,25.2,96,
155,2025-09-07 22:00,25,97,
155,2025-09-07 23:00,25.3,95,
155,2025-09-08 00:00,24.9,96,
155,2025-09-08 01:00,24.9,97,
155,2025-09-08 02:00,24.6,96,
155,2025-09-08 03:00,24.2,97,
155,2025-09-08 04:00,24.3,97,
155,2025-09-08 05:00,24.5,96,
155,2025-09-08 06:00,24.5,96,
155,2025-09-08 07:00,25.5,91,0.14
155,2025-09-08 08:00,26.9,84,0.75
155,2025-09-08 09:00,28.1,80,1.34
155,2025-09-08 10:00,28.5,74,2.19
155,2025-09-08 11:00,29.4,63,2.11
155,2025-09-08 12:00,30.3,53,1.77
155,2025-09-08 13:00,30.5,58,2.13
155,2025-09-08 14:00,29.8,68,1.49
155,2025-09-08 15:00,28.7,78,0.94
155,2025-09-08 16:00,28.2,82,0.79
155,2025-09-08 17:00,27.5,85,0.49
155,2025-09-08 18:00,27.3,85,0.47
155,2025-09-08 19:00,26.4,88,0.08
155,2025-09-08 20:00,25.7,90,
155,2025-09-08 21:00,25.4,90,
155,2025-09-08 22:00,25.3,78,
155,2025-09-08 23:00,24.7,78,
155,2025-09-09 00:00,24.4,78,
155,2025-09-09 01:00,24.6,77,
155,2025-09-09 02:00,23.9,81,
155,2025-09-09 03:00,23.5,82,
155,2025-09-09 04:00,22.9,86,
155,2025-09-09 05:00,22.5,88,
155,2025-09-09 06:00,21.6,94,
155,2025-09-09 07:00,20.8,87,0.04
155,2025-09-09 08:00,20.7,77,0.17
155,2025-09-09 09:00,22.5,72,1.01
155,2025-09-09 10:00,23,70,1.11
155,2025-09-09 11:00,22.1,76,0.59
155,2025-09-09 12:00,21.3,92,0.43
155,2025-09-09 13:00,22.2,80,1.04
155,2025-09-09 14:00,21.7,85,0.49
155,2025-09-09 15:00,21.8,85,0.31
155,2025-09-09 16:00,20.9,90,0.15
155,2025-09-09 17:00,21.1,91,0.22
155,2025-09-09 18:00,21.2,93,0.11
155,2025-09-09 19:00,21,94,0.02
155,2025-09-09 20:00,21,92,
155,2025-09-09 21:00,21,92,
155,2025-09-09 22:00,21,92,
155,2025-09-09 23:00,21.2,92,
155,2025-09-10 00:00,21.3,91,
155,2025-09-10 01:00,21.2,91,
155,2025-09-10 02:00,21.4,91,
155,2025-09-10 03:00,21.3,91,
155,2025-09-10 04:00,21.3,91,
155,2025-09-10 05:00,21.4,90,
155,2025-09-10 06:00,21.3,91,
155,2025-09-10 07:00,21.3,91,0.02
155,2025-09-10 08:00,21.9,89,0.22
155,2025-09-10 09:00,23,85,0.68
155,2025-09-10 10:00,23.3,83,0.76
155,2025-09-10 11:00,24.4,78,1.49
155,2025-09-10 12:00,25,78,1.94
155,2025-09-10 13:00,26.3,74,3.03
155,2025-09-10 14:00,26.3,73,2.64
155,2025-09-10 15:00,26.8,75,1.18
155,2025-09-10 16:00,26.3,75,1.1
155,2025-09-10 17:00,26,75,0.39
155,2025-09-10 18:00,25.6,79,0.13
155,2025-09-10 19:00,25.3,78,0.02
155,2025-09-10 20:00,24.7,80,
155,2025-09-10 21:00,23.7,82,
155,2025-09-10 22:00,23.4,83,
155,2025-09-10 23:00,22.7,82,
155,2025-09-11 00:00,21.5,86,
155,2025-09-11 01:00,22.1,83,
155,2025-09-11 02:00,21.4,86,
155,2025-09-11 03:00,21.6,85,
155,2025-09-11 04:00,21.5,86,
155,2025-09-11 05:00,21.1,89,
155,2025-09-11 06:00,20.4,91,
155,2025-09-11 07:00,22,85,0.15
155,2025-09-11 08:00,23.8,81,0.83
155,2025-09-11 09:00,25.2,73,1.43
155,2025-09-11 10:00,26.6,69,2.23
155,2025-09-11 11:00,27,70,1.86
155,2025-09-11 12:00,28.5,62,2.97
155,2025-09-11 13:00,29.7,60,2.34
155,2025-09-11 14:00,29.1,59,2.57
155,2025-09-11 15:00,29.4,59,1.95
155,2025-09-11 16:00,28.8,59,1.92
155,2025-09-11 17:00,27.7,61,0.99
155,2025-09-11 18:00,27.1,64,0.34
155,2025-09-11 19:00,26.1,69,0.05
155,2025-09-11 20:00,25.4,71,
155,2025-09-11 21:00,25,72,
155,2025-09-11 22:00,24.6,73,
155,2025-09-11 23:00,24.6,72,
155,2025-09-12 00:00,23.5,78,
155,2025-09-12 01:00,23.4,78,
155,2025-09-12 02:00,23.2,80,
155,2025-09-12 03:00,23.5,79,
155,2025-09-12 04:00,22.4,85,
155,2025-09-12 05:00,23.3,80,
155,2025-09-12 06:00,22.7,82,
155,2025-09-12 07:00,23.3,80,0.05
155,2025-09-12 08:00,23.9,77,0.29
155,2025-09-12 09:00,24.8,76,0.69
155,2025-09-12 10:00,26.3,71,1.9
155,2025-09-12 11:00,26.8,71,1.18
155,2025-09-12 12:00,27.3,71,0.97
155,2025-09-12 13:00,28.1,70,1.41
155,2025-09-12 14:00,27.9,71,1.32
155,2025-09-12 15:00,28.3,74,0.77
155,2025-09-12 16:00,27.8,71,1.1
155,2025-09-12 17:00,27.7,73,0.46
155,2025-09-12 18:00,26.5,82,0.15
155,2025-09-12 19:00,26.4,77,0.02
155,2025-09-12 20:00,25.4,83,
155,2025-09-12 21:00,25.3,84,
155,2025-09-12 22:00,24.6,91,
155,2025-09-12 23:00,24.5,90,
155,2025-09-13 00:00,25,86,
155,2025-09-13 01:00,24.2,93,
155,2025-09-13 02:00,24.5,93,
155,2025-09-13 03:00,24.4,94,
155,2025-09-13 04:00,25,92,
155,2025-09-13 05:00,25.2,93,
155,2025-09-13 06:00,24.9,97,
155,2025-09-13 07:00,25.5,95,0
155,2025-09-13 08:00,25.5,96,0.09
155,2025-09-13 09:00,25.5,96,0.07
155,2025-09-13 10:00,25.7,95,0.21
155,2025-09-13 11:00,26.6,93,0.37
155,2025-09-13 12:00,28.8,85,1.74
155,2025-09-13 13:00,28.2,83,2.22
155,2025-09-13 14:00,30.1,75,1.83
155,2025-09-13 15:00,28.8,82,0.65
155,2025-09-13 16:00,28.5,84,0.51
155,2025-09-13 17:00,27.9,86,0.29
155,2025-09-13 18:00,27.3,88,0.13
155,2025-09-13 19:00,27.3,87,0.02
155,2025-09-13 20:00,27,88,
155,2025-09-13 21:00,26.8,88,
155,2025-09-13 22:00,26.5,89,
155,2025-09-13 23:00,26.2,88,
155,2025-09-14 00:00,25.3,89,
155,2025-09-14 01:00,25,87,
155,2025-09-14 02:00,24.7,86,
155,2025-09-14 03:00,24.4,85,
155,2025-09-14 04:00,24.1,86,
155,2025-09-14 05:00,23.7,88,
155,2025-09-14 06:00,23.9,87,
155,2025-09-14 07:00,24,86,0.03
155,2025-09-14 08:00,25.5,80,0.52
155,2025-09-14 09:00,25.6,78,1.03
155,2025-09-14 10:00,26.1,80,1.25
155,2025-09-14 11:00,26.6,80,2.07
155,2025-09-14 12:00,28.1,73,3.12
155,2025-09-14 13:00,28.5,71,3.29
155,2025-09-14 14:00,28.7,73,2.28
155,2025-09-14 15:00,28.2,74,2.1
155,2025-09-14 16:00,27.7,78,1.25
155,2025-09-14 17:00,26.5,83,0.56
155,2025-09-14 18:00,26.3,86,0.24
155,2025-09-14 19:00,25.8,89,0.02
155,2025-09-14 20:00,25.7,86,
155,2025-09-14 21:00,24.9,89,
155,2025-09-14 22:00,24.8,86,
155,2025-09-14 23:00,24.4,89,
155,2025-09-15 00:00,24.1,90,
155,2025-09-15 01:00,24.1,89,
155,2025-09-15 02:00,23.8,91,
155,2025-09-15 03:00,23.6,94,
155,2025-09-15 04:00,23.7,94,
155,2025-09-15 05:00,23.7,93,
155,2025-09-15 06:00,23.4,94,
155,2025-09-15 07:00,24.2,91,0.09
155,2025-09-15 08:00,25,87,0.3
155,2025-09-15 09:00,26.5,83,1.32
155,2025-09-15 10:00,27.5,77,1.37
155,2025-09-15 11:00,29.1,67,1.56
155,2025-09-15 12:00,29.4,71,1.25
155,2025-09-15 13:00,28.7,71,1.3
155,2025-09-15 14:00,28.5,72,0.81
155,2025-09-15 15:00,28,76,0.63
155,2025-09-15 16:00,28.4,73,0.8
155,2025-09-15 17:00,27.9,77,0.63
155,2025-09-15 18:00,27.5,79,0.34
155,2025-09-15 19:00,26,87,0.05
155,2025-09-15 20:00,25.3,89,
155,2025-09-15 21:00,24.9,90,
155,2025-09-15 22:00,24.8,91,
155,2025-09-15 23:00,24.6,92,
155,2025-09-16 00:00,24.3,94,
155,2025-09-16 01:00,24.6,93,
155,2025-09-16 02:00,24,95,
155,2025-09-16 03:00,23.8,96,
155,2025-09-16 04:00,23.7,95,
155,2025-09-16 05:00,23.8,96,
155,2025-09-16 06:00,23.8,95,
155,2025-09-16 07:00,24.3,95,0.09
155,2025-09-16 08:00,26.4,86,0.54
155,2025-09-16 09:00,27.7,82,1.44
155,2025-09-16 10:00,29.2,77,2.05
155,2025-09-16 11:00,31,74,2.64
155,2025-09-16 12:00,29.8,75,2.68
155,2025-09-16 13:00,31.2,70,1.73
155,2025-09-16 14:00,32.3,66,2.58
155,2025-09-16 15:00,30.6,70,1.99
155,2025-09-16 16:00,30.6,70,1.61
155,2025-09-16 17:00,29.8,74,1
155,2025-09-16 18:00,28.6,79,0.25
155,2025-09-16 19:00,27.8,83,0.02
155,2025-09-16 20:00,27.6,83,
155,2025-09-16 21:00,26.7,89,
155,2025-09-16 22:00,26.4,90,
155,2025-09-16 23:00,26,92,
155,2025-09-17 00:00,25.5,94,
155,2025-09-17 01:00,25.2,94,
155,2025-09-17 02:00,25.9,89,
155,2025-09-17 03:00,25.6,90,
155,2025-09-17 04:00,25.2,91,
155,2025-09-17 05:00,25.2,91,
155,2025-09-17 06:00,24.6,95,
155,2025-09-17 07:00,25.9,90,0.14
155,2025-09-17 08:00,27.8,82,0.71
155,2025-09-17 09:00,29.4,76,1.42
155,2025-09-17 10:00,30.4,74,1.92
155,2025-09-17 11:00,31.6,68,2.4
155,2025-09-17 12:00,31.6,64,2.42
155,2025-09-17 13:00,32.7,64,2.38
155,2025-09-17 14:00,31.8,65,2.35
155,2025-09-17 15:00,29.5,81,1.36
155,2025-09-17 16:00,25.2,90,0.15
155,2025-09-17 17:00,25.1,94,0.27
155,2025-09-17 18:00,25,91,0.27
155,2025-09-17 19:00,24.4,94,0.03
155,2025-09-17 20:00,24.4,94,
155,2025-09-17 21:00,24.3,95,
155,2025-09-17 22:00,23.8,97,
155,2025-09-17 23:00,23.7,97,
155,2025-09-18 00:00,23.9,97,
155,2025-09-18 01:00,23.8,95,
155,2025-09-18 02:00,24.4,90,
155,2025-09-18 03:00,23.6,93,
155,2025-09-18 04:00,23.2,92,
155,2025-09-18 05:00,22.9,95,
155,2025-09-18 06:00,23.5,89,
155,2025-09-18 07:00,23.6,88,0.05
155,2025-09-18 08:00,25,80,0.55
155,2025-09-18 09:00,25.7,74,1.33
155,2025-09-18 10:00,24.6,78,0.51
155,2025-09-18 11:00,24.2,79,0.4
155,2025-09-18 12:00,24.3,74,0.43
155,2025-09-18 13:00,24.3,71,0.66
155,2025-09-18 14:00,23.8,68,0.66
155,2025-09-18 15:00,24.8,67,1.09
155,2025-09-18 16:00,24.4,64,1.02
155,2025-09-18 17:00,23.8,68,0.44
155,2025-09-18 18:00,23.3,64,0.26
155,2025-09-18 19:00,22.7,63,0.03
155,2025-09-18 20:00,22.1,66,
155,2025-09-18 21:00,22,70,
155,2025-09-18 22:00,21.8,66,
155,2025-09-18 23:00,21.4,68,
155,2025-09-19 00:00,21.4,67,
155,2025-09-19 01:00,20.9,70,
155,2025-09-19 02:00,20.7,71,
155,2025-09-19 03:00,20,76,
155,2025-09-19 04:00,20.1,79,
155,2025-09-19 05:00,19.9,80,
155,2025-09-19 06:00,20.3,79,
155,2025-09-19 07:00,21,73,0.08
155,2025-09-19 08:00,22.1,69,0.44
155,2025-09-19 09:00,22.5,69,1.06
155,2025-09-19 10:00,23.2,64,1.55
155,2025-09-19 11:00,24.1,64,1.64
155,2025-09-19 12:00,24.1,62,1.49
155,2025-09-19 13:00,24.6,62,1.78
155,2025-09-19 14:00,25.8,60,2.2
155,2025-09-19 15:00,25.5,60,1.5
155,2025-09-19 16:00,25.8,61,1.32
155,2025-09-19 17:00,25.2,64,0.32
155,2025-09-19 18:00,24.3,71,0.1
155,2025-09-19 19:00,23.9,69,0.01
155,2025-09-19 20:00,23,73,
155,2025-09-19 21:00,21.9,80,
155,2025-09-19 22:00,22.9,74,
155,2025-09-19 23:00,22.2,79,
155,2025-09-20 00:00,22.2,77,
155,2025-09-20 01:00,23,77,
155,2025-09-20 02:00,22.8,81,
155,2025-09-20 03:00,23.3,79,
155,2025-09-20 04:00,22.5,88,
155,2025-09-20 05:00,21.9,96,
155,2025-09-20 06:00,22.1,97,
155,2025-09-20 07:00,22.6,96,0
155,2025-09-20 08:00,23.4,95,0.15
155,2025-09-20 09:00,24.3,92,0.19
155,2025-09-20 10:00,26.5,85,1.07
155,2025-09-20 11:00,26.5,84,1.27
155,2025-09-20 12:00,26.1,85,0.75
155,2025-09-20 13:00,28.6,79,0.93
155,2025-09-20 14:00,28,64,1.62
155,2025-09-20 15:00,28.8,57,2.53
155,2025-09-20 16:00,28.8,55,1.93
155,2025-09-20 17:00,27.8,56,1.13
155,2025-09-20 18:00,26.1,63,0.34
155,2025-09-20 19:00,24.7,67,0.03
155,2025-09-20 20:00,24,65,
155,2025-09-20 21:00,23.3,68,
155,2025-09-20 22:00,22.8,71,
155,2025-09-20 23:00,21.9,75,
155,2025-09-21 00:00,21.4,78,
155,2025-09-21 01:00,20.9,79,
155,2025-09-21 02:00,20.6,79,
155,2025-09-21 03:00,20.7,80,
155,2025-09-21 04:00,19.6,83,
155,2025-09-21 05:00,19.9,87,
155,2025-09-21 06:00,19.2,86,
155,2025-09-21 07:00,20,85,0.09
155,2025-09-21 08:00,21.7,79,0.58
155,2025-09-21 09:00,22,74,1.02
155,2025-09-21 10:00,23.3,72,1.38
155,2025-09-21 11:00,23.9,64,2.69
155,2025-09-21 12:00,24.1,64,1.68
155,2025-09-21 13:00,25.3,61,1.71
155,2025-09-21 14:00,26.7,53,2.42
155,2025-09-21 15:00,25.3,57,1.63
155,2025-09-21 16:00,25.1,60,1.24
155,2025-09-21 17:00,25,57,1.08
155,2025-09-21 18:00,23.7,60,0.35
155,2025-09-21 19:00,22.8,60,0.01
155,2025-09-21 20:00,22.1,63,
155,2025-09-21 21:00,21.7,64,
155,2025-09-21 22:00,20.8,69,
155,2025-09-21 23:00,20.6,69,
155,2025-09-22 00:00,20.5,72,
155,2025-09-22 01:00,20.4,71,
155,2025-09-22 02:00,19,79,
155,2025-09-22 03:00,19,81,
155,2025-09-22 04:00,19.9,75,
155,2025-09-22 05:00,20.1,73,
155,2025-09-22 06:00,19.5,76,
155,2025-09-22 07:00,19.5,75,0.03
155,2025-09-22 08:00,21.2,68,0.7
155,2025-09-22 09:00,23.2,63,1.47
155,2025-09-22 10:00,23.7,59,1.76
155,2025-09-22 11:00,24.9,57,2.27
155,2025-09-22 12:00,26,51,1.81
155,2025-09-22 13:00,25.2,53,2.06
155,2025-09-22 14:00,24.9,56,1.01
155,2025-09-22 15:00,24.8,55,0.94
155,2025-09-22 16:00,24.7,54,1.12
155,2025-09-22 17:00,24,52,0.75
155,2025-09-22 18:00,23.2,52,0.2
155,2025-09-22 19:00,22.4,51,0.01
155,2025-09-22 20:00,21.9,57,
155,2025-09-22 21:00,21.8,58,
155,2025-09-22 22:00,21,59,
155,2025-09-22 23:00,21.2,58,
155,2025-09-23 00:00,20.9,59,
155,2025-09-23 01:00,20.8,60,
155,2025-09-23 02:00,20.6,62,
155,2025-09-23 03:00,20.3,66,
155,2025-09-23 04:00,20.2,67,
155,2025-09-23 05:00,19.9,69,
155,2025-09-23 06:00,20,66,
155,2025-09-23 07:00,20.2,68,0.05
155,2025-09-23 08:00,20.7,66,0.4
155,2025-09-23 09:00,21.4,64,0.7
155,2025-09-23 10:00,22.6,62,1.25
155,2025-09-23 11:00,24.3,53,2.51
155,2025-09-23 12:00,24.2,58,1.86
155,2025-09-23 13:00,26.6,54,2.73
155,2025-09-23 14:00,27.3,52,2.63
155,2025-09-23 15:00,27.6,50,2.1
155,2025-09-23 16:00,27,52,0.92
155,2025-09-23 17:00,26.7,52,1.15
155,2025-09-23 18:00,25.3,58,0.34
155,2025-09-23 19:00,24.5,59,0.02
155,2025-09-23 20:00,23.9,61,
155,2025-09-23 21:00,23.6,65,
155,2025-09-23 22:00,23.2,65,
155,2025-09-23 23:00,23.2,65,
155,2025-09-24 00:00,23,67,
155,2025-09-24 01:00,22.7,71,
155,2025-09-24 02:00,22.2,73,
155,2025-09-24 03:00,21.8,75,
155,2025-09-24 04:00,21.6,76,
155,2025-09-24 05:00,21.6,78,
155,2025-09-24 06:00,21.7,76,
155,2025-09-24 07:00,21.7,78,0.01
155,2025-09-24 08:00,21.9,78,0.08
155,2025-09-24 09:00,21.4,83,0.17
155,2025-09-24 10:00,23.1,80,0.73
155,2025-09-24 11:00,25,74,1.4
155,2025-09-24 12:00,26.9,73,1.49
155,2025-09-24 13:00,26.6,80,0.98
155,2025-09-24 14:00,26.9,80,0.7
155,2025-09-24 15:00,26.8,81,0.83
155,2025-09-24 16:00,25.2,93,0.44
155,2025-09-24 17:00,25,95,0.35
155,2025-09-24 18:00,24.9,95,0.06
155,2025-09-24 19:00,24.4,96,0.01
155,2025-09-24 20:00,24.6,98,
155,2025-09-24 21:00,24.4,97,
155,2025-09-24 22:00,24.3,97,
155,2025-09-24 23:00,24.1,97,
155,2025-09-25 00:00,24,98,
155,2025-09-25 01:00,23.8,98,
155,2025-09-25 02:00,23.6,98,
155,2025-09-25 03:00,23.8,98,
155,2025-09-25 04:00,23.7,98,
155,2025-09-25 05:00,23.7,98,
155,2025-09-25 06:00,23.7,98,
155,2025-09-25 07:00,24,98,0.02
155,2025-09-25 08:00,24.4,97,0.17
155,2025-09-25 09:00,24.9,94,0.34
155,2025-09-25 10:00,25,94,0.39
155,2025-09-25 11:00,25.3,91,0.68
155,2025-09-25 12:00,25,87,0.65
155,2025-09-25 13:00,24.9,88,0.57
155,2025-09-25 14:00,25.3,85,0.7
155,2025-09-25 15:00,25.5,89,0.49
155,2025-09-25 16:00,25,92,0.42
155,2025-09-25 17:00,24.8,91,0.26
155,2025-09-25 18:00,24.4,93,0.13
155,2025-09-25 19:00,23.6,97,0.01
155,2025-09-25 20:00,23.9,96,
155,2025-09-25 21:00,23.4,97,
155,2025-09-25 22:00,23.2,94,
155,2025-09-25 23:00,22.7,97,
155,2025-09-26 00:00,22.6,97,
155,2025-09-26 01:00,22.3,97,
155,2025-09-26 02:00,22.1,98,
155,2025-09-26 03:00,21.9,98,
155,2025-09-26 04:00,22.3,95,
155,2025-09-26 05:00,22.1,96,
155,2025-09-26 06:00,22.2,94,
155,2025-09-26 07:00,22.7,90,0.06
155,2025-09-26 08:00,24.2,83,0.55
155,2025-09-26 09:00,25.1,75,1.37
155,2025-09-26 10:00,25.8,67,2.08
155,2025-09-26 11:00,26.8,60,2.35
155,2025-09-26 12:00,27.7,48,2.85
155,2025-09-26 13:00,29,38,2.96
155,2025-09-26 14:00,30.3,39,2.76
155,2025-09-26 15:00,27.1,65,2.28
155,2025-09-26 16:00,26.5,66,1.55
155,2025-09-26 17:00,25.3,72,0.99
155,2025-09-26 18:00,24.3,77,0.22
155,2025-09-26 19:00,22.8,84,0.01
155,2025-09-26 20:00,22.5,86,
155,2025-09-26 21:00,22.3,88,
155,2025-09-26 22:00,22.8,85,
155,2025-09-26 23:00,22.4,87,
155,2025-09-27 00:00,22.3,87,
155,2025-09-27 01:00,22.3,86,
155,2025-09-27 02:00,22.1,88,
155,2025-09-27 03:00,21.9,85,
155,2025-09-27 04:00,21.7,84,
155,2025-09-27 05:00,22,80,
155,2025-09-27 06:00,21.6,84,
155,2025-09-27 07:00,21.8,83,0.04
155,2025-09-27 08:00,22.2,81,0.25
155,2025-09-27 09:00,23.3,73,0.81
155,2025-09-27 10:00,25.4,70,1.52
155,2025-09-27 11:00,26.3,65,2.31
155,2025-09-27 12:00,26.5,62,2.4
155,2025-09-27 13:00,28.7,60,1.95
155,2025-09-27 14:00,27.6,64,2.78
155,2025-09-27 15:00,27,63,2.21
155,2025-09-27 16:00,26.6,57,1.38
155,2025-09-27 17:00,25.8,63,1.02
155,2025-09-27 18:00,24.3,70,0.24
155,2025-09-27 19:00,23.6,73,0.01
155,2025-09-27 20:00,22.6,77,
155,2025-09-27 21:00,22.2,77,
155,2025-09-27 22:00,22.6,77,
155,2025-09-27 23:00,22,82,
155,2025-09-28 00:00,21.9,82,
155,2025-09-28 01:00,21.9,81,
155,2025-09-28 02:00,21.6,85,
155,2025-09-28 03:00,21.8,85,
155,2025-09-28 04:00,21.8,87,
155,2025-09-28 05:00,22.2,83,
155,2025-09-28 06:00,22.3,82,
155,2025-09-28 07:00,22.2,81,0.03
155,2025-09-28 08:00,23.1,80,0.3
155,2025-09-28 09:00,25.4,67,1.3
155,2025-09-28 10:00,22.8,86,0.41
155,2025-09-28 11:00,22,88,0.31
155,2025-09-28 12:00,22.8,91,0.7
155,2025-09-28 13:00,24,86,1.27
155,2025-09-28 14:00,24.3,85,0.86
155,2025-09-28 15:00,24.8,83,1.08
155,2025-09-28 16:00,25.2,81,0.67
155,2025-09-28 17:00,26.1,75,0.8
155,2025-09-28 18:00,25.3,76,0.21
155,2025-09-28 19:00,24.2,84,0.01
155,2025-09-28 20:00,24.3,82,
155,2025-09-28 21:00,23.5,87,
155,2025-09-28 22:00,24.4,82,
155,2025-09-28 23:00,23.3,81,
155,2025-09-29 00:00,22.6,81,
155,2025-09-29 01:00,22.3,81,
155,2025-09-29 02:00,21.8,82,
155,2025-09-29 03:00,21.8,79,
155,2025-09-29 04:00,21.6,76,
155,2025-09-29 05:00,21.6,74,
155,2025-09-29 06:00,21.3,74,
155,2025-09-29 07:00,21.3,76,0.05
155,2025-09-29 08:00,21.8,74,0.28
155,2025-09-29 09:00,22,71,0.58
155,2025-09-29 10:00,22.8,68,0.96
155,2025-09-29 11:00,24.1,62,1.77
155,2025-09-29 12:00,24.8,62,1.97
155,2025-09-29 13:00,25,57,1.94
155,2025-09-29 14:00,25.2,56,1.94
155,2025-09-29 15:00,26.9,56,1.18
155,2025-09-29 16:00,24.8,68,0.72
155,2025-09-29 17:00,24.5,67,0.82
155,2025-09-29 18:00,22.8,76,0.2
155,2025-09-29 19:00,21.4,82,0.01
155,2025-09-29 20:00,20.7,85,
155,2025-09-29 21:00,20.5,84,
155,2025-09-29 22:00,20.8,81,
155,2025-09-29 23:00,21,78,
155,2025-09-30 00:00,20.8,80,
155,2025-09-30 01:00,20.2,82,
155,2025-09-30 02:00,19.9,82,
155,2025-09-30 03:00,19.2,88,
155,2025-09-30 04:00,19.7,87,
155,2025-09-30 05:00,18.8,88,
155,2025-09-30 06:00,18.7,91,
155,2025-09-30 07:00,19.2,89,0.07
155,2025-09-30 08:00,20.3,83,0.42
155,2025-09-30 09:00,20.9,80,0.82
155,2025-09-30 10:00,22.1,74,1.26
155,2025-09-30 11:00,24.3,65,1.87
155,2025-09-30 12:00,24.8,60,1.63
155,2025-09-30 13:00,24.4,62,1.58
155,2025-09-30 14:00,24.9,61,1.94
155,2025-09-30 15:00,25.4,61,1.61
155,2025-09-30 16:00,24.1,64,1.46
155,2025-09-30 17:00,23.6,70,0.5
155,2025-09-30 18:00,22.1,78,0.17
155,2025-09-30 19:00,21.4,83,0
155,2025-09-30 20:00,20.8,85,
155,2025-09-30 21:00,20.7,85,
155,2025-09-30 22:00,20.9,86,
155,2025-09-30 23:00,20.6,88,
