resion code,Time,Temperature,Humidity
108,2025-07-01 00:00,27.7,77
108,2025-07-01 01:00,27.4,79
108,2025-07-01 02:00,27.1,81
108,2025-07-01 03:00,26.9,82
108,2025-07-01 04:00,26.7,84
108,2025-07-01 05:00,26.7,84
108,2025-07-01 06:00,26.5,87
108,2025-07-01 07:00,26.4,91
108,2025-07-01 08:00,26.4,91
108,2025-07-01 09:00,27,88
108,2025-07-01 10:00,28.1,83
108,2025-07-01 11:00,29.1,78
108,2025-07-01 12:00,29.8,75
108,2025-07-01 13:00,31.3,71
108,2025-07-01 14:00,31.6,69
108,2025-07-01 15:00,31.2,69
108,2025-07-01 16:00,31.6,69
108,2025-07-01 17:00,31.2,68
108,2025-07-01 18:00,31.1,69
108,2025-07-01 19:00,30.1,71
108,2025-07-01 20:00,29.4,74
108,2025-07-01 21:00,28.6,78
108,2025-07-01 22:00,28.3,79
108,2025-07-01 23:00,28,81
108,2025-07-02 00:00,27.8,81
108,2025-07-02 01:00,27.4,82
108,2025-07-02 02:00,27.2,82
108,2025-07-02 03:00,27,83
108,2025-07-02 04:00,27,84
108,2025-07-02 05:00,26.9,84
108,2025-07-02 06:00,26.8,83
108,2025-07-02 07:00,27,82
108,2025-07-02 08:00,27.4,81
108,2025-07-02 09:00,28.2,79
108,2025-07-02 10:00,28.8,77
108,2025-07-02 11:00,29.1,75
108,2025-07-02 12:00,30.2,69
108,2025-07-02 13:00,30.6,67
108,2025-07-02 14:00,30.2,69
108,2025-07-02 15:00,30.2,69
108,2025-07-02 16:00,30.4,66
108,2025-07-02 17:00,30.6,62
108,2025-07-02 18:00,30.3,67
108,2025-07-02 19:00,29.5,67
108,2025-07-02 20:00,28.8,71
108,2025-07-02 21:00,28.3,78
108,2025-07-02 22:00,28,79
108,2025-07-02 23:00,27.8,81
108,2025-07-03 00:00,27.6,82
108,2025-07-03 01:00,27.4,84
108,2025-07-03 02:00,27.2,85
108,2025-07-03 03:00,27.1,85
108,2025-07-03 04:00,27,87
108,2025-07-03 05:00,26.9,85
108,2025-07-03 06:00,26.8,85
108,2025-07-03 07:00,26.8,84
108,2025-07-03 08:00,27,83
108,2025-07-03 09:00,27.1,81
108,2025-07-03 10:00,27.5,80
108,2025-07-03 11:00,28.2,77
108,2025-07-03 12:00,28.5,75
108,2025-07-03 13:00,28.6,75
108,2025-07-03 14:00,30,69
108,2025-07-03 15:00,31.5,61
108,2025-07-03 16:00,31.1,61
108,2025-07-03 17:00,31.5,56
108,2025-07-03 18:00,30.5,63
108,2025-07-03 19:00,29.6,70
108,2025-07-03 20:00,28.7,72
108,2025-07-03 21:00,28,74
108,2025-07-03 22:00,27.5,76
108,2025-07-03 23:00,27,79
108,2025-07-04 00:00,26.5,80
108,2025-07-04 01:00,26.3,80
108,2025-07-04 02:00,26.1,81
108,2025-07-04 03:00,26,80
108,2025-07-04 04:00,25.8,81
108,2025-07-04 05:00,25.8,82
108,2025-07-04 06:00,25.7,84
108,2025-07-04 07:00,26,82
108,2025-07-04 08:00,26.6,78
108,2025-07-04 09:00,26.8,75
108,2025-07-04 10:00,27.1,73
108,2025-07-04 11:00,27.3,75
108,2025-07-04 12:00,27,76
108,2025-07-04 13:00,27.4,74
108,2025-07-04 14:00,29.1,69
108,2025-07-04 15:00,29.5,67
108,2025-07-04 16:00,28.9,71
108,2025-07-04 17:00,28.6,74
108,2025-07-04 18:00,28.4,75
108,2025-07-04 19:00,28.1,76
108,2025-07-04 20:00,27.7,77
108,2025-07-04 21:00,27.4,78
108,2025-07-04 22:00,27.1,79
108,2025-07-04 23:00,26.9,81
108,2025-07-05 00:00,26.7,81
108,2025-07-05 01:00,26.6,81
108,2025-07-05 02:00,26.5,82
108,2025-07-05 03:00,26.3,81
108,2025-07-05 04:00,26.2,83
108,2025-07-05 05:00,26.1,83
108,2025-07-05 06:00,26,81
108,2025-07-05 07:00,26.2,82
108,2025-07-05 08:00,26.4,81
108,2025-07-05 09:00,27.2,77
108,2025-07-05 10:00,27.7,73
108,2025-07-05 11:00,28.2,71
108,2025-07-05 12:00,29.2,68
108,2025-07-05 13:00,30.3,66
108,2025-07-05 14:00,31.1,64
108,2025-07-05 15:00,32.2,61
108,2025-07-05 16:00,32,60
108,2025-07-05 17:00,31.2,61
108,2025-07-05 18:00,30.7,65
108,2025-07-05 19:00,30.1,68
108,2025-07-05 20:00,29.2,71
108,2025-07-05 21:00,28.7,72
108,2025-07-05 22:00,28,76
108,2025-07-05 23:00,27.4,79
108,2025-07-06 00:00,27.1,78
108,2025-07-06 01:00,26.8,79
108,2025-07-06 02:00,26.6,80
108,2025-07-06 03:00,26.6,81
108,2025-07-06 04:00,26.5,82
108,2025-07-06 05:00,26.5,82
108,2025-07-06 06:00,26.4,83
108,2025-07-06 07:00,26.4,82
108,2025-07-06 08:00,26.4,83
108,2025-07-06 09:00,26.6,82
108,2025-07-06 10:00,27.4,79
108,2025-07-06 11:00,28.6,76
108,2025-07-06 12:00,30.6,68
108,2025-07-06 13:00,31.5,63
108,2025-07-06 14:00,32.6,61
108,2025-07-06 15:00,32.7,60
108,2025-07-06 16:00,32.3,62
108,2025-07-06 17:00,31.9,62
108,2025-07-06 18:00,32,67
108,2025-07-06 19:00,31.4,67
108,2025-07-06 20:00,30.2,72
108,2025-07-06 21:00,29.5,74
108,2025-07-06 22:00,28.8,77
108,2025-07-06 23:00,28.4,79
108,2025-07-07 00:00,28.2,79
108,2025-07-07 01:00,27.7,79
108,2025-07-07 02:00,27.3,81
108,2025-07-07 03:00,27.2,82
108,2025-07-07 04:00,27,81
108,2025-07-07 05:00,27,82
108,2025-07-07 06:00,26.7,85
108,2025-07-07 07:00,26.8,84
108,2025-07-07 08:00,27.2,84
108,2025-07-07 09:00,27.5,83
108,2025-07-07 10:00,28,82
108,2025-07-07 11:00,28.3,81
108,2025-07-07 12:00,28.8,79
108,2025-07-07 13:00,30.7,74
108,2025-07-07 14:00,32.3,70
108,2025-07-07 15:00,32.8,66
108,2025-07-07 16:00,33,67
108,2025-07-07 17:00,32.8,69
108,2025-07-07 18:00,32.2,72
108,2025-07-07 19:00,30.9,75
108,2025-07-07 20:00,29.7,81
108,2025-07-07 21:00,29.1,81
108,2025-07-07 22:00,28.8,82
108,2025-07-07 23:00,28.6,83
108,2025-07-08 00:00,28.4,84
108,2025-07-08 01:00,28.2,85
108,2025-07-08 02:00,27.9,87
108,2025-07-08 03:00,27.7,87
108,2025-07-08 04:00,27.4,88
108,2025-07-08 05:00,27,88
108,2025-07-08 06:00,27,88
108,2025-07-08 07:00,27.7,85
108,2025-07-08 08:00,29.5,77
108,2025-07-08 09:00,31.1,72
108,2025-07-08 10:00,32.7,65
108,2025-07-08 11:00,34.4,60
108,2025-07-08 12:00,35.3,56
108,2025-07-08 13:00,35.2,55
108,2025-07-08 14:00,36.7,51
108,2025-07-08 15:00,37.4,48
108,2025-07-08 16:00,36.6,49
108,2025-07-08 17:00,37.2,49
108,2025-07-08 18:00,36,57
108,2025-07-08 19:00,27.9,80
108,2025-07-08 20:00,27.2,81
108,2025-07-08 21:00,27.4,87
108,2025-07-08 22:00,27.8,84
108,2025-07-08 23:00,28.1,84
108,2025-07-09 00:00,28.2,85
108,2025-07-09 01:00,28.3,81
108,2025-07-09 02:00,28.3,79
108,2025-07-09 03:00,28,82
108,2025-07-09 04:00,27.8,81
108,2025-07-09 05:00,27.6,82
108,2025-07-09 06:00,27.5,80
108,2025-07-09 07:00,27.9,77
108,2025-07-09 08:00,29.7,71
108,2025-07-09 09:00,31.3,63
108,2025-07-09 10:00,32.3,62
108,2025-07-09 11:00,33.6,57
108,2025-07-09 12:00,33.8,55
108,2025-07-09 13:00,34,53
108,2025-07-09 14:00,35.4,48
108,2025-07-09 15:00,35.4,48
108,2025-07-09 16:00,35.5,46
108,2025-07-09 17:00,35.4,47
108,2025-07-09 18:00,35.3,48
108,2025-07-09 19:00,34.4,51
108,2025-07-09 20:00,33.5,53
108,2025-07-09 21:00,32.9,54
108,2025-07-09 22:00,32.1,54
108,2025-07-09 23:00,31.3,58
108,2025-07-10 00:00,30.9,59
108,2025-07-10 01:00,30.1,62
108,2025-07-10 02:00,29.3,64
108,2025-07-10 03:00,28.7,65
108,2025-07-10 04:00,28.2,64
108,2025-07-10 05:00,27.8,63
108,2025-07-10 06:00,27.3,64
108,2025-07-10 07:00,27.6,63
108,2025-07-10 08:00,29.4,55
108,2025-07-10 09:00,31,49
108,2025-07-10 10:00,32.1,43
108,2025-07-10 11:00,33.4,42
108,2025-07-10 12:00,34.1,42
108,2025-07-10 13:00,34.5,40
108,2025-07-10 14:00,35.4,39
108,2025-07-10 15:00,35.7,37
108,2025-07-10 16:00,36.1,36
108,2025-07-10 17:00,36,35
108,2025-07-10 18:00,35.5,34
108,2025-07-10 19:00,33.9,34
108,2025-07-10 20:00,32.2,35
108,2025-07-10 21:00,31,39
108,2025-07-10 22:00,29.9,40
108,2025-07-10 23:00,28.9,42
108,2025-07-11 00:00,28,43
108,2025-07-11 01:00,27.1,45
108,2025-07-11 02:00,26.4,49
108,2025-07-11 03:00,25.8,50
108,2025-07-11 04:00,25.3,53
108,2025-07-11 05:00,24.8,56
108,2025-07-11 06:00,24.6,58
108,2025-07-11 07:00,25.3,57
108,2025-07-11 08:00,27.1,52
108,2025-07-11 09:00,28.8,49
108,2025-07-11 10:00,30.2,47
108,2025-07-11 11:00,31.4,45
108,2025-07-11 12:00,32.5,44
108,2025-07-11 13:00,33.5,40
108,2025-07-11 14:00,34.3,41
108,2025-07-11 15:00,35,38
108,2025-07-11 16:00,35.7,37
108,2025-07-11 17:00,36,35
108,2025-07-11 18:00,35.6,38
108,2025-07-11 19:00,34.2,39
108,2025-07-11 20:00,32.5,43
108,2025-07-11 21:00,30.9,47
108,2025-07-11 22:00,29.8,50
108,2025-07-11 23:00,28.8,51
108,2025-07-12 00:00,28,53
108,2025-07-12 01:00,27.2,53
108,2025-07-12 02:00,26.6,54
108,2025-07-12 03:00,26,55
108,2025-07-12 04:00,25.4,56
108,2025-07-12 05:00,24.8,56
108,2025-07-12 06:00,24.4,58
108,2025-07-12 07:00,25.1,56
108,2025-07-12 08:00,27.3,50
108,2025-07-12 09:00,29.1,46
108,2025-07-12 10:00,30.6,40
108,2025-07-12 11:00,32.2,37
108,2025-07-12 12:00,33.3,37
108,2025-07-12 13:00,34.3,32
108,2025-07-12 14:00,35.2,30
108,2025-07-12 15:00,35.9,29
108,2025-07-12 16:00,36.2,28
108,2025-07-12 17:00,36,29
108,2025-07-12 18:00,34.9,38
108,2025-07-12 19:00,32.8,48
108,2025-07-12 20:00,31.4,51
108,2025-07-12 21:00,30.6,53
108,2025-07-12 22:00,29.7,57
108,2025-07-12 23:00,28.8,60
108,2025-07-13 00:00,28.2,64
108,2025-07-13 01:00,27.7,66
108,2025-07-13 02:00,27.3,66
108,2025-07-13 03:00,27,69
108,2025-07-13 04:00,26.7,67
108,2025-07-13 05:00,26,67
108,2025-07-13 06:00,25.7,69
108,2025-07-13 07:00,26.4,66
108,2025-07-13 08:00,27.8,64
108,2025-07-13 09:00,29.3,60
108,2025-07-13 10:00,30.1,58
108,2025-07-13 11:00,30.8,58
108,2025-07-13 12:00,30.6,58
108,2025-07-13 13:00,30.7,58
108,2025-07-13 14:00,28.2,69
108,2025-07-13 15:00,28.1,71
108,2025-07-13 16:00,28.3,67
108,2025-07-13 17:00,28.3,65
108,2025-07-13 18:00,28.2,69
108,2025-07-13 19:00,28.1,68
108,2025-07-13 20:00,27.8,67
108,2025-07-13 21:00,27,70
108,2025-07-13 22:00,26.5,67
108,2025-07-13 23:00,25.9,67
108,2025-07-14 00:00,25.6,68
108,2025-07-14 01:00,25.3,64
108,2025-07-14 02:00,25.1,66
108,2025-07-14 03:00,24.7,67
108,2025-07-14 04:00,24.3,70
108,2025-07-14 05:00,23.9,73
108,2025-07-14 06:00,23.6,74
108,2025-07-14 07:00,24,75
108,2025-07-14 08:00,25.1,75
108,2025-07-14 09:00,25.6,74
108,2025-07-14 10:00,26.1,70
108,2025-07-14 11:00,27.7,62
108,2025-07-14 12:00,27.9,62
108,2025-07-14 13:00,25.8,73
108,2025-07-14 14:00,25.6,71
108,2025-07-14 15:00,24.8,77
108,2025-07-14 16:00,23.2,88
108,2025-07-14 17:00,23.2,85
108,2025-07-14 18:00,23.1,87
108,2025-07-14 19:00,23,89
108,2025-07-14 20:00,22.7,92
108,2025-07-14 21:00,22.5,93
108,2025-07-14 22:00,22.1,93
108,2025-07-14 23:00,21.9,95
108,2025-07-15 00:00,21.7,92
108,2025-07-15 01:00,21.6,94
108,2025-07-15 02:00,21.5,95
108,2025-07-15 03:00,21.6,93
108,2025-07-15 04:00,21.6,93
108,2025-07-15 05:00,21.6,94
108,2025-07-15 06:00,21.5,93
108,2025-07-15 07:00,21.6,93
108,2025-07-15 08:00,22,92
108,2025-07-15 09:00,22.5,89
108,2025-07-15 10:00,22.8,89
108,2025-07-15 11:00,23,85
108,2025-07-15 12:00,23.8,83
108,2025-07-15 13:00,24.2,85
108,2025-07-15 14:00,24.4,81
108,2025-07-15 15:00,25.7,77
108,2025-07-15 16:00,25.5,75
108,2025-07-15 17:00,25.4,78
108,2025-07-15 18:00,25,82
108,2025-07-15 19:00,25,75
108,2025-07-15 20:00,24.4,73
108,2025-07-15 21:00,24.2,75
108,2025-07-15 22:00,24.2,75
108,2025-07-15 23:00,24.1,79
108,2025-07-16 00:00,24.1,81
108,2025-07-16 01:00,24.1,82
108,2025-07-16 02:00,24.1,84
108,2025-07-16 03:00,24.2,85
108,2025-07-16 04:00,24.3,87
108,2025-07-16 05:00,24.2,87
108,2025-07-16 06:00,24.1,86
108,2025-07-16 07:00,24.3,88
108,2025-07-16 08:00,24.4,90
108,2025-07-16 09:00,24.6,85
108,2025-07-16 10:00,24.6,84
108,2025-07-16 11:00,23.2,81
108,2025-07-16 12:00,23.3,85
108,2025-07-16 13:00,23.5,78
108,2025-07-16 14:00,23.6,80
108,2025-07-16 15:00,23,89
108,2025-07-16 16:00,22.7,93
108,2025-07-16 17:00,22.7,94
108,2025-07-16 18:00,22.6,95
108,2025-07-16 19:00,22.5,96
108,2025-07-16 20:00,22.4,98
108,2025-07-16 21:00,22.3,98
108,2025-07-16 22:00,22.3,96
108,2025-07-16 23:00,22.4,95
108,2025-07-17 00:00,22.5,98
108,2025-07-17 01:00,22.6,97
108,2025-07-17 02:00,22.8,96
108,2025-07-17 03:00,22.9,97
108,2025-07-17 04:00,22.8,94
108,2025-07-17 05:00,22.6,96
108,2025-07-17 06:00,22.7,98
108,2025-07-17 07:00,22.6,99
108,2025-07-17 08:00,22.6,98
108,2025-07-17 09:00,22.3,98
108,2025-07-17 10:00,22,97
108,2025-07-17 11:00,22.7,96
108,2025-07-17 12:00,23.9,91
108,2025-07-17 13:00,24.3,87
108,2025-07-17 14:00,23.8,90
108,2025-07-17 15:00,24,89
108,2025-07-17 16:00,24.2,87
108,2025-07-17 17:00,24.1,91
108,2025-07-17 18:00,23.8,94
108,2025-07-17 19:00,23.7,92
108,2025-07-17 20:00,23.5,94
108,2025-07-17 21:00,23.3,94
108,2025-07-17 22:00,23.2,96
108,2025-07-17 23:00,23.3,96
108,2025-07-18 00:00,23.4,93
108,2025-07-18 01:00,23.5,92
108,2025-07-18 02:00,23.5,91
108,2025-07-18 03:00,23.4,91
108,2025-07-18 04:00,23.4,92
108,2025-07-18 05:00,23.2,95
108,2025-07-18 06:00,23.1,94
108,2025-07-18 07:00,23.1,94
108,2025-07-18 08:00,23.4,93
108,2025-07-18 09:00,23,96
108,2025-07-18 10:00,23.2,97
108,2025-07-18 11:00,23.9,96
108,2025-07-18 12:00,24.2,93
108,2025-07-18 13:00,24.7,94
108,2025-07-18 14:00,25.4,90
108,2025-07-18 15:00,25.9,87
108,2025-07-18 16:00,26.9,82
108,2025-07-18 17:00,27,83
108,2025-07-18 18:00,27,81
108,2025-07-18 19:00,26.9,81
108,2025-07-18 20:00,26.3,85
108,2025-07-18 21:00,25.8,86
108,2025-07-18 22:00,25.5,86
108,2025-07-18 23:00,25.4,88
108,2025-07-19 00:00,25.3,88
108,2025-07-19 01:00,25.1,92
108,2025-07-19 02:00,24.8,96
108,2025-07-19 03:00,22.6,92
108,2025-07-19 04:00,22,96
108,2025-07-19 05:00,21.9,96
108,2025-07-19 06:00,22,97
108,2025-07-19 07:00,22.1,97
108,2025-07-19 08:00,22,98
108,2025-07-19 09:00,22.2,96
108,2025-07-19 10:00,22.5,98
108,2025-07-19 11:00,22.9,99
108,2025-07-19 12:00,23.2,98
108,2025-07-19 13:00,23.7,98
108,2025-07-19 14:00,24.1,96
108,2025-07-19 15:00,24.8,96
108,2025-07-19 16:00,25.4,95
108,2025-07-19 17:00,25.6,94
108,2025-07-19 18:00,25.6,92
108,2025-07-19 19:00,25.5,92
108,2025-07-19 20:00,25.4,93
108,2025-07-19 21:00,25.2,94
108,2025-07-19 22:00,25.1,94
108,2025-07-19 23:00,25.2,98
108,2025-07-20 00:00,25.3,98
108,2025-07-20 01:00,25.5,99
108,2025-07-20 02:00,25.6,95
108,2025-07-20 03:00,25.5,98
108,2025-07-20 04:00,25.4,95
108,2025-07-20 05:00,25.2,96
108,2025-07-20 06:00,25,98
108,2025-07-20 07:00,25,95
108,2025-07-20 08:00,25.3,95
108,2025-07-20 09:00,26.1,92
108,2025-07-20 10:00,26.2,89
108,2025-07-20 11:00,28,83
108,2025-07-20 12:00,28.6,79
108,2025-07-20 13:00,28.7,76
108,2025-07-20 14:00,29.3,76
108,2025-07-20 15:00,30,73
108,2025-07-20 16:00,30.6,67
108,2025-07-20 17:00,31.3,65
108,2025-07-20 18:00,31.1,64
108,2025-07-20 19:00,30.4,66
108,2025-07-20 20:00,29.1,72
108,2025-07-20 21:00,28.2,77
108,2025-07-20 22:00,27.6,79
108,2025-07-20 23:00,27.5,79
108,2025-07-21 00:00,27.3,81
108,2025-07-21 01:00,26.9,83
108,2025-07-21 02:00,26.5,85
108,2025-07-21 03:00,26.1,86
108,2025-07-21 04:00,25.8,88
108,2025-07-21 05:00,25.7,88
108,2025-07-21 06:00,25.9,90
108,2025-07-21 07:00,26.1,88
108,2025-07-21 08:00,26.6,85
108,2025-07-21 09:00,27.1,83
108,2025-07-21 10:00,28,81
108,2025-07-21 11:00,29.2,77
108,2025-07-21 12:00,30.5,68
108,2025-07-21 13:00,30.8,70
108,2025-07-21 14:00,30.8,68
108,2025-07-21 15:00,31.6,64
108,2025-07-21 16:00,31.3,65
108,2025-07-21 17:00,31.1,66
108,2025-07-21 18:00,31,65
108,2025-07-21 19:00,29.8,70
108,2025-07-21 20:00,28.8,76
108,2025-07-21 21:00,28.2,79
108,2025-07-21 22:00,27.9,81
108,2025-07-21 23:00,27.7,81
108,2025-07-22 00:00,27.4,84
108,2025-07-22 01:00,27.2,85
108,2025-07-22 02:00,27,87
108,2025-07-22 03:00,26.9,86
108,2025-07-22 04:00,26.8,86
108,2025-07-22 05:00,26.7,87
108,2025-07-22 06:00,26.7,88
108,2025-07-22 07:00,26.8,86
108,2025-07-22 08:00,27.4,83
108,2025-07-22 09:00,28.3,78
108,2025-07-22 10:00,29.2,76
108,2025-07-22 11:00,29.6,72
108,2025-07-22 12:00,30.4,68
108,2025-07-22 13:00,31.3,68
108,2025-07-22 14:00,31.9,59
108,2025-07-22 15:00,32,59
108,2025-07-22 16:00,31.7,66
108,2025-07-22 17:00,30.2,69
108,2025-07-22 18:00,30.6,66
108,2025-07-22 19:00,30,68
108,2025-07-22 20:00,28.9,74
108,2025-07-22 21:00,28.2,80
108,2025-07-22 22:00,27.6,82
108,2025-07-22 23:00,27.3,82
108,2025-07-23 00:00,27.3,80
108,2025-07-23 01:00,27.1,82
108,2025-07-23 02:00,26.5,84
108,2025-07-23 03:00,26.3,85
108,2025-07-23 04:00,26,86
108,2025-07-23 05:00,25.7,87
108,2025-07-23 06:00,25.5,87
108,2025-07-23 07:00,25.9,86
108,2025-07-23 08:00,26.8,86
108,2025-07-23 09:00,28.2,77
108,2025-07-23 10:00,29.5,73
108,2025-07-23 11:00,30.7,68
108,2025-07-23 12:00,31.6,60
108,2025-07-23 13:00,32.1,57
108,2025-07-23 14:00,33.1,56
108,2025-07-23 15:00,32.5,55
108,2025-07-23 16:00,32,61
108,2025-07-23 17:00,31.7,63
108,2025-07-23 18:00,31.3,64
108,2025-07-23 19:00,30.9,64
108,2025-07-23 20:00,29.8,68
108,2025-07-23 21:00,29,65
108,2025-07-23 22:00,28.2,70
108,2025-07-23 23:00,27.6,67
108,2025-07-24 00:00,27.1,70
108,2025-07-24 01:00,26.8,74
108,2025-07-24 02:00,26.3,75
108,2025-07-24 03:00,26.3,79
108,2025-07-24 04:00,26.1,80
108,2025-07-24 05:00,26,81
108,2025-07-24 06:00,25.8,81
108,2025-07-24 07:00,26,81
108,2025-07-24 08:00,27.3,81
108,2025-07-24 09:00,29.6,69
108,2025-07-24 10:00,30.2,62
108,2025-07-24 11:00,31.5,64
108,2025-07-24 12:00,32.4,59
108,2025-07-24 13:00,33.4,54
108,2025-07-24 14:00,33.9,49
108,2025-07-24 15:00,32.8,56
108,2025-07-24 16:00,33.7,55
108,2025-07-24 17:00,33.9,56
108,2025-07-24 18:00,33.2,59
108,2025-07-24 19:00,32,62
108,2025-07-24 20:00,30.7,66
108,2025-07-24 21:00,30,67
108,2025-07-24 22:00,29.5,68
108,2025-07-24 23:00,28.9,72
108,2025-07-25 00:00,28.4,74
108,2025-07-25 01:00,27.8,77
108,2025-07-25 02:00,27.3,76
108,2025-07-25 03:00,26.9,78
108,2025-07-25 04:00,26.4,80
108,2025-07-25 05:00,25.9,81
108,2025-07-25 06:00,25.7,84
108,2025-07-25 07:00,26.2,84
108,2025-07-25 08:00,28.4,77
108,2025-07-25 09:00,30.2,69
108,2025-07-25 10:00,31.9,66
108,2025-07-25 11:00,32.7,59
108,2025-07-25 12:00,33.9,55
108,2025-07-25 13:00,35,52
108,2025-07-25 14:00,35.2,54
108,2025-07-25 15:00,36,52
108,2025-07-25 16:00,35.7,52
108,2025-07-25 17:00,35.6,52
108,2025-07-25 18:00,34.8,51
108,2025-07-25 19:00,33.6,52
108,2025-07-25 20:00,32.4,58
108,2025-07-25 21:00,31.7,61
108,2025-07-25 22:00,30.8,66
108,2025-07-25 23:00,30.2,68
108,2025-07-26 00:00,29.8,67
108,2025-07-26 01:00,29.1,69
108,2025-07-26 02:00,28.7,72
108,2025-07-26 03:00,28.3,73
108,2025-07-26 04:00,28.1,74
108,2025-07-26 05:00,27.9,75
108,2025-07-26 06:00,27.6,76
108,2025-07-26 07:00,28.2,76
108,2025-07-26 08:00,29.5,71
108,2025-07-26 09:00,31.3,64
108,2025-07-26 10:00,32.7,61
108,2025-07-26 11:00,33.8,56
108,2025-07-26 12:00,34.9,55
108,2025-07-26 13:00,35,53
108,2025-07-26 14:00,35.5,47
108,2025-07-26 15:00,35.8,49
108,2025-07-26 16:00,36.2,48
108,2025-07-26 17:00,37,46
108,2025-07-26 18:00,36.7,51
108,2025-07-26 19:00,35.1,48
108,2025-07-26 20:00,34,55
108,2025-07-26 21:00,32.9,61
108,2025-07-26 22:00,32.2,63
108,2025-07-26 23:00,31.5,65
108,2025-07-27 00:00,31.1,66
108,2025-07-27 01:00,30.5,67
108,2025-07-27 02:00,29.7,71
108,2025-07-27 03:00,29.3,72
108,2025-07-27 04:00,28.9,73
108,2025-07-27 05:00,28.6,75
108,2025-07-27 06:00,28.3,76
108,2025-07-27 07:00,28.6,76
108,2025-07-27 08:00,30.3,67
108,2025-07-27 09:00,31.8,61
108,2025-07-27 10:00,32.8,56
108,2025-07-27 11:00,34,53
108,2025-07-27 12:00,35,51
108,2025-07-27 13:00,35.9,46
108,2025-07-27 14:00,36.7,44
108,2025-07-27 15:00,37.3,43
108,2025-07-27 16:00,37.6,41
108,2025-07-27 17:00,36.8,46
108,2025-07-27 18:00,36.5,52
108,2025-07-27 19:00,35.3,56
108,2025-07-27 20:00,33.8,61
108,2025-07-27 21:00,32.7,69
108,2025-07-27 22:00,32.2,71
108,2025-07-27 23:00,31.7,74
108,2025-07-28 00:00,31.2,75
108,2025-07-28 01:00,30.7,76
108,2025-07-28 02:00,30.2,78
108,2025-07-28 03:00,29.8,79
108,2025-07-28 04:00,29.4,79
108,2025-07-28 05:00,29.1,81
108,2025-07-28 06:00,28.9,82
108,2025-07-28 07:00,29.2,81
108,2025-07-28 08:00,30.5,79
108,2025-07-28 09:00,31.7,68
108,2025-07-28 10:00,33.1,62
108,2025-07-28 11:00,34,58
108,2025-07-28 12:00,34.7,58
108,2025-07-28 13:00,35.2,53
108,2025-07-28 14:00,35.9,52
108,2025-07-28 15:00,36,53
108,2025-07-28 16:00,36.3,49
108,2025-07-28 17:00,36.3,51
108,2025-07-28 18:00,35.2,56
108,2025-07-28 19:00,34,61
108,2025-07-28 20:00,32.3,66
108,2025-07-28 21:00,31.3,69
108,2025-07-28 22:00,30.8,69
108,2025-07-28 23:00,30.3,72
108,2025-07-29 00:00,30,73
108,2025-07-29 01:00,29.5,76
108,2025-07-29 02:00,29,76
108,2025-07-29 03:00,28.7,76
108,2025-07-29 04:00,28.2,75
108,2025-07-29 05:00,27.9,78
108,2025-07-29 06:00,27.6,78
108,2025-07-29 07:00,27.9,77
108,2025-07-29 08:00,29.7,68
108,2025-07-29 09:00,31.5,65
108,2025-07-29 10:00,32.9,60
108,2025-07-29 11:00,33,59
108,2025-07-29 12:00,34.2,56
108,2025-07-29 13:00,35.6,53
108,2025-07-29 14:00,36.3,50
108,2025-07-29 15:00,36.1,50
108,2025-07-29 16:00,35.5,52
108,2025-07-29 17:00,35.9,53
108,2025-07-29 18:00,34.9,56
108,2025-07-29 19:00,34,61
108,2025-07-29 20:00,32.9,63
108,2025-07-29 21:00,32.3,64
108,2025-07-29 22:00,31.7,59
108,2025-07-29 23:00,31,63
108,2025-07-30 00:00,30.4,67
108,2025-07-30 01:00,30,68
108,2025-07-30 02:00,29.7,69
108,2025-07-30 03:00,29.3,72
108,2025-07-30 04:00,29,74
108,2025-07-30 05:00,28.4,77
108,2025-07-30 06:00,28.3,79
108,2025-07-30 07:00,28.9,74
108,2025-07-30 08:00,30.3,73
108,2025-07-30 09:00,31.8,65
108,2025-07-30 10:00,32.9,62
108,2025-07-30 11:00,33.4,59
108,2025-07-30 12:00,34.3,54
108,2025-07-30 13:00,34.8,54
108,2025-07-30 14:00,35.5,51
108,2025-07-30 15:00,35.8,49
108,2025-07-30 16:00,35.3,46
108,2025-07-30 17:00,35.3,41
108,2025-07-30 18:00,34.1,59
108,2025-07-30 19:00,33.5,59
108,2025-07-30 20:00,32.7,65
108,2025-07-30 21:00,32.2,65
108,2025-07-30 22:00,31.7,68
108,2025-07-30 23:00,31.1,59
108,2025-07-31 00:00,30.7,60
108,2025-07-31 01:00,30.5,60
108,2025-07-31 02:00,30.1,62
108,2025-07-31 03:00,29.9,63
108,2025-07-31 04:00,29.9,64
108,2025-07-31 05:00,29.6,66
108,2025-07-31 06:00,29.4,67
108,2025-07-31 07:00,29.4,68
108,2025-07-31 08:00,29.6,67
108,2025-07-31 09:00,30,67
108,2025-07-31 10:00,31.3,64
108,2025-07-31 11:00,32.3,59
108,2025-07-31 12:00,32.6,57
108,2025-07-31 13:00,33.4,54
108,2025-07-31 14:00,34,53
108,2025-07-31 15:00,33.8,50
108,2025-07-31 16:00,32.5,61
108,2025-07-31 17:00,32.7,51
108,2025-07-31 18:00,32.1,63
108,2025-07-31 19:00,31.1,65
108,2025-07-31 20:00,30.6,65
108,2025-07-31 21:00,30.2,66
108,2025-07-31 22:00,29.9,68
108,2025-07-31 23:00,29.8,66
108,2025-08-01 00:00,29.3,65
108,2025-08-01 01:00,29,70
108,2025-08-01 02:00,28.8,71
108,2025-08-01 03:00,28.6,71
108,2025-08-01 04:00,28.2,72
108,2025-08-01 05:00,28,74
108,2025-08-01 06:00,27.8,77
108,2025-08-01 07:00,28,77
108,2025-08-01 08:00,29.4,68
108,2025-08-01 09:00,30.9,66
108,2025-08-01 10:00,32.7,60
108,2025-08-01 11:00,34.2,56
108,2025-08-01 12:00,34.6,52
108,2025-08-01 13:00,34.5,54
108,2025-08-01 14:00,34.6,51
108,2025-08-01 15:00,33.9,55
108,2025-08-01 16:00,33.7,59
108,2025-08-01 17:00,33,63
108,2025-08-01 18:00,32.1,66
108,2025-08-01 19:00,31.4,68
108,2025-08-01 20:00,30.8,72
108,2025-08-01 21:00,30.4,74
108,2025-08-01 22:00,30,75
108,2025-08-01 23:00,29.7,75
108,2025-08-02 00:00,29.5,74
108,2025-08-02 01:00,29.2,75
108,2025-08-02 02:00,28.7,73
108,2025-08-02 03:00,28.4,76
108,2025-08-02 04:00,28,74
108,2025-08-02 05:00,27.6,76
108,2025-08-02 06:00,27.4,77
108,2025-08-02 07:00,27.5,76
108,2025-08-02 08:00,28.5,76
108,2025-08-02 09:00,30.1,71
108,2025-08-02 10:00,31.2,67
108,2025-08-02 11:00,32.5,62
108,2025-08-02 12:00,33.9,57
108,2025-08-02 13:00,33.5,60
108,2025-08-02 14:00,34.5,54
108,2025-08-02 15:00,35,49
108,2025-08-02 16:00,36.2,47
108,2025-08-02 17:00,35.2,48
108,2025-08-02 18:00,34.8,47
108,2025-08-02 19:00,33.3,53
108,2025-08-02 20:00,31.6,56
108,2025-08-02 21:00,30.6,58
108,2025-08-02 22:00,30,61
108,2025-08-02 23:00,29.7,62
108,2025-08-03 00:00,29.2,62
108,2025-08-03 01:00,28.9,63
108,2025-08-03 02:00,28.5,67
108,2025-08-03 03:00,28.2,67
108,2025-08-03 04:00,27.9,68
108,2025-08-03 05:00,27.7,71
108,2025-08-03 06:00,27.5,75
108,2025-08-03 07:00,27.8,76
108,2025-08-03 08:00,28.3,76
108,2025-08-03 09:00,29,74
108,2025-08-03 10:00,29.8,70
108,2025-08-03 11:00,31.1,61
108,2025-08-03 12:00,31.3,64
108,2025-08-03 13:00,32,58
108,2025-08-03 14:00,32.4,58
108,2025-08-03 15:00,32.1,59
108,2025-08-03 16:00,31.5,62
108,2025-08-03 17:00,30.9,59
108,2025-08-03 18:00,30.1,52
108,2025-08-03 19:00,28.7,63
108,2025-08-03 20:00,28.2,69
108,2025-08-03 21:00,28,72
108,2025-08-03 22:00,27,68
108,2025-08-03 23:00,25.4,80
108,2025-08-04 00:00,24,89
108,2025-08-04 01:00,23.8,92
108,2025-08-04 02:00,23.9,92
108,2025-08-04 03:00,24,90
108,2025-08-04 04:00,24,90
108,2025-08-04 05:00,23.8,94
108,2025-08-04 06:00,23.8,93
108,2025-08-04 07:00,24,92
108,2025-08-04 08:00,24.5,91
108,2025-08-04 09:00,26,86
108,2025-08-04 10:00,27.6,81
108,2025-08-04 11:00,28.8,74
108,2025-08-04 12:00,29.7,72
108,2025-08-04 13:00,30.8,67
108,2025-08-04 14:00,31.5,67
108,2025-08-04 15:00,32.5,61
108,2025-08-04 16:00,33.2,55
108,2025-08-04 17:00,33.6,55
108,2025-08-04 18:00,32.3,62
108,2025-08-04 19:00,30.4,65
108,2025-08-04 20:00,29.6,66
108,2025-08-04 21:00,28.9,67
108,2025-08-04 22:00,28.5,70
108,2025-08-04 23:00,28.2,71
108,2025-08-05 00:00,27.8,73
108,2025-08-05 01:00,27.4,74
108,2025-08-05 02:00,27,77
108,2025-08-05 03:00,26.6,76
108,2025-08-05 04:00,26.3,78
108,2025-08-05 05:00,25.7,83
108,2025-08-05 06:00,25.4,83
108,2025-08-05 07:00,25.5,82
108,2025-08-05 08:00,26.3,80
108,2025-08-05 09:00,28.1,72
108,2025-08-05 10:00,29.3,67
108,2025-08-05 11:00,30.5,61
108,2025-08-05 12:00,31.7,56
108,2025-08-05 13:00,32.3,53
108,2025-08-05 14:00,32.5,54
108,2025-08-05 15:00,33.4,47
108,2025-08-05 16:00,33.2,50
108,2025-08-05 17:00,31.7,57
108,2025-08-05 18:00,30.9,60
108,2025-08-05 19:00,29.8,66
108,2025-08-05 20:00,29,70
108,2025-08-05 21:00,28.6,71
108,2025-08-05 22:00,28.2,73
108,2025-08-05 23:00,28.1,73
108,2025-08-06 00:00,28.1,74
108,2025-08-06 01:00,27.9,75
108,2025-08-06 02:00,27.8,78
108,2025-08-06 03:00,27.6,85
108,2025-08-06 04:00,27,92
108,2025-08-06 05:00,27.1,94
108,2025-08-06 06:00,27.3,91
108,2025-08-06 07:00,27.5,90
108,2025-08-06 08:00,27.9,89
108,2025-08-06 09:00,27.9,91
108,2025-08-06 10:00,28.6,86
108,2025-08-06 11:00,29.3,80
108,2025-08-06 12:00,28.8,82
108,2025-08-06 13:00,28.8,84
108,2025-08-06 14:00,27.6,91
108,2025-08-06 15:00,27,94
108,2025-08-06 16:00,26.6,94
108,2025-08-06 17:00,26.1,92
108,2025-08-06 18:00,26.5,89
108,2025-08-06 19:00,26.7,86
108,2025-08-06 20:00,26.1,87
108,2025-08-06 21:00,25.8,90
108,2025-08-06 22:00,25.8,89
108,2025-08-06 23:00,25.9,89
108,2025-08-07 00:00,26,90
108,2025-08-07 01:00,26,90
108,2025-08-07 02:00,26,90
108,2025-08-07 03:00,25.9,90
108,2025-08-07 04:00,25.8,89
108,2025-08-07 05:00,25.6,89
108,2025-08-07 06:00,25.5,88
108,2025-08-07 07:00,25.6,88
108,2025-08-07 08:00,26.4,86
108,2025-08-07 09:00,27.4,79
108,2025-08-07 10:00,28.6,71
108,2025-08-07 11:00,29.5,62
108,2025-08-07 12:00,30.3,57
108,2025-08-07 13:00,30.9,55
108,2025-08-07 14:00,31.3,54
108,2025-08-07 15:00,31.8,52
108,2025-08-07 16:00,32,52
108,2025-08-07 17:00,31.8,52
108,2025-08-07 18:00,31.2,54
108,2025-08-07 19:00,29.8,66
108,2025-08-07 20:00,28,69
108,2025-08-07 21:00,27.3,70
108,2025-08-07 22:00,26.9,72
108,2025-08-07 23:00,26.6,72
108,2025-08-08 00:00,26.2,76
108,2025-08-08 01:00,25.9,80
108,2025-08-08 02:00,25.6,80
108,2025-08-08 03:00,25.2,80
108,2025-08-08 04:00,24.7,83
108,2025-08-08 05:00,24.2,84
108,2025-08-08 06:00,24,85
108,2025-08-08 07:00,24.2,85
108,2025-08-08 08:00,25.4,83
108,2025-08-08 09:00,26.3,79
108,2025-08-08 10:00,27,75
108,2025-08-08 11:00,27.6,71
108,2025-08-08 12:00,28.7,67
108,2025-08-08 13:00,29.5,66
108,2025-08-08 14:00,30.1,63
108,2025-08-08 15:00,29.2,69
108,2025-08-08 16:00,27,80
108,2025-08-08 17:00,28,81
108,2025-08-08 18:00,28.2,67
108,2025-08-08 19:00,27.5,65
108,2025-08-08 20:00,26.7,66
108,2025-08-08 21:00,26.1,71
108,2025-08-08 22:00,25.7,71
108,2025-08-08 23:00,25.4,75
108,2025-08-09 00:00,25.2,80
108,2025-08-09 01:00,25,82
108,2025-08-09 02:00,25.1,83
108,2025-08-09 03:00,25.1,85
108,2025-08-09 04:00,25,85
108,2025-08-09 05:00,25.1,85
108,2025-08-09 06:00,25,89
108,2025-08-09 07:00,24.6,85
108,2025-08-09 08:00,24.7,88
108,2025-08-09 09:00,25,88
108,2025-08-09 10:00,25.4,86
108,2025-08-09 11:00,25.7,84
108,2025-08-09 12:00,25,86
108,2025-08-09 13:00,24.5,74
108,2025-08-09 14:00,24.8,84
108,2025-08-09 15:00,25.4,79
108,2025-08-09 16:00,25.6,79
108,2025-08-09 17:00,25.9,78
108,2025-08-09 18:00,26.4,72
108,2025-08-09 19:00,26.1,73
108,2025-08-09 20:00,25.2,76
108,2025-08-09 21:00,24.5,76
108,2025-08-09 22:00,24.1,79
108,2025-08-09 23:00,23.5,81
108,2025-08-10 00:00,23.1,82
108,2025-08-10 01:00,22.7,84
108,2025-08-10 02:00,22.3,85
108,2025-08-10 03:00,22,86
108,2025-08-10 04:00,21.6,84
108,2025-08-10 05:00,21.2,83
108,2025-08-10 06:00,21,85
108,2025-08-10 07:00,21.4,86
108,2025-08-10 08:00,23.3,81
108,2025-08-10 09:00,25.2,74
108,2025-08-10 10:00,27.1,68
108,2025-08-10 11:00,28.2,64
108,2025-08-10 12:00,29.7,63
108,2025-08-10 13:00,30.5,60
108,2025-08-10 14:00,31.8,53
108,2025-08-10 15:00,32.7,53
108,2025-08-10 16:00,33.1,50
108,2025-08-10 17:00,32.8,50
108,2025-08-10 18:00,32.3,51
108,2025-08-10 19:00,31.1,54
108,2025-08-10 20:00,29.7,60
108,2025-08-10 21:00,28.6,70
108,2025-08-10 22:00,28,73
108,2025-08-10 23:00,27.5,77
108,2025-08-11 00:00,27,78
108,2025-08-11 01:00,26.5,79
108,2025-08-11 02:00,26.1,80
108,2025-08-11 03:00,25.7,79
108,2025-08-11 04:00,25.5,80
108,2025-08-11 05:00,25.2,81
108,2025-08-11 06:00,25,83
108,2025-08-11 07:00,25.1,83
108,2025-08-11 08:00,25.4,82
108,2025-08-11 09:00,26.2,79
108,2025-08-11 10:00,26.7,76
108,2025-08-11 11:00,27.6,71
108,2025-08-11 12:00,28.2,69
108,2025-08-11 13:00,28.7,69
108,2025-08-11 14:00,29.2,69
108,2025-08-11 15:00,29.2,66
108,2025-08-11 16:00,29.2,67
108,2025-08-11 17:00,29.2,66
108,2025-08-11 18:00,28.7,68
108,2025-08-11 19:00,27.7,73
108,2025-08-11 20:00,27.3,74
108,2025-08-11 21:00,26.9,73
108,2025-08-11 22:00,26.6,75
108,2025-08-11 23:00,26.2,73
108,2025-08-12 00:00,25.9,74
108,2025-08-12 01:00,25.5,78
108,2025-08-12 02:00,25.1,82
108,2025-08-12 03:00,25,83
108,2025-08-12 04:00,24.6,82
108,2025-08-12 05:00,23.8,85
108,2025-08-12 06:00,23.3,86
108,2025-08-12 07:00,23.5,87
108,2025-08-12 08:00,25.4,79
108,2025-08-12 09:00,27.3,71
108,2025-08-12 10:00,28.7,66
108,2025-08-12 11:00,30.2,57
108,2025-08-12 12:00,31.4,50
108,2025-08-12 13:00,32.4,51
108,2025-08-12 14:00,33.2,48
108,2025-08-12 15:00,33.2,37
108,2025-08-12 16:00,34,40
108,2025-08-12 17:00,33.6,42
108,2025-08-12 18:00,32.9,43
108,2025-08-12 19:00,31.4,51
108,2025-08-12 20:00,29.7,57
108,2025-08-12 21:00,28.6,62
108,2025-08-12 22:00,27.8,67
108,2025-08-12 23:00,27.3,69
108,2025-08-13 00:00,26.9,71
108,2025-08-13 01:00,26.8,72
108,2025-08-13 02:00,26.7,73
108,2025-08-13 03:00,26.4,74
108,2025-08-13 04:00,26.4,75
108,2025-08-13 05:00,26.1,81
108,2025-08-13 06:00,24.6,94
108,2025-08-13 07:00,24.3,95
108,2025-08-13 08:00,24,95
108,2025-08-13 09:00,23.4,96
108,2025-08-13 10:00,22.7,96
108,2025-08-13 11:00,22,96
108,2025-08-13 12:00,23.3,99
108,2025-08-13 13:00,23.7,98
108,2025-08-13 14:00,26.6,92
108,2025-08-13 15:00,26.7,94
108,2025-08-13 16:00,26.7,92
108,2025-08-13 17:00,26.8,91
108,2025-08-13 18:00,26.8,94
108,2025-08-13 19:00,26.2,94
108,2025-08-13 20:00,24.7,90
108,2025-08-13 21:00,24.5,90
108,2025-08-13 22:00,24.5,92
108,2025-08-13 23:00,24.6,92
108,2025-08-14 00:00,24.8,93
108,2025-08-14 01:00,24.9,94
108,2025-08-14 02:00,25,97
108,2025-08-14 03:00,24.7,97
108,2025-08-14 04:00,24.4,95
108,2025-08-14 05:00,24.3,97
108,2025-08-14 06:00,24.4,97
108,2025-08-14 07:00,24.5,98
108,2025-08-14 08:00,24.3,98
108,2025-08-14 09:00,24.8,95
108,2025-08-14 10:00,25,95
108,2025-08-14 11:00,25,95
108,2025-08-14 12:00,25.3,94
108,2025-08-14 13:00,26,91
108,2025-08-14 14:00,26.6,88
108,2025-08-14 15:00,26.4,90
108,2025-08-14 16:00,26.5,88
108,2025-08-14 17:00,26.9,85
108,2025-08-14 18:00,26.8,82
108,2025-08-14 19:00,26.4,83
108,2025-08-14 20:00,26,84
108,2025-08-14 21:00,25.8,86
108,2025-08-14 22:00,25.6,88
108,2025-08-14 23:00,25.5,87
108,2025-08-15 00:00,25.5,88
108,2025-08-15 01:00,25.6,88
108,2025-08-15 02:00,25.2,90
108,2025-08-15 03:00,25,90
108,2025-08-15 04:00,24.7,91
108,2025-08-15 05:00,24.5,92
108,2025-08-15 06:00,24.4,93
108,2025-08-15 07:00,24.7,93
108,2025-08-15 08:00,25.4,93
108,2025-08-15 09:00,27,85
108,2025-08-15 10:00,28.8,80
108,2025-08-15 11:00,28.3,76
108,2025-08-15 12:00,27.2,87
108,2025-08-15 13:00,27.4,84
108,2025-08-15 14:00,27.8,83
108,2025-08-15 15:00,29.4,74
108,2025-08-15 16:00,30.9,71
108,2025-08-15 17:00,30.5,71
108,2025-08-15 18:00,29.7,73
108,2025-08-15 19:00,29.2,76
108,2025-08-15 20:00,28.1,80
108,2025-08-15 21:00,27.5,84
108,2025-08-15 22:00,26.9,85
108,2025-08-15 23:00,26.5,88
108,2025-08-16 00:00,26.4,88
108,2025-08-16 01:00,26.1,90
108,2025-08-16 02:00,26,90
108,2025-08-16 03:00,25.8,90
108,2025-08-16 04:00,25.6,91
108,2025-08-16 05:00,25.6,91
108,2025-08-16 06:00,25.8,91
108,2025-08-16 07:00,26,91
108,2025-08-16 08:00,26.5,89
108,2025-08-16 09:00,27.4,84
108,2025-08-16 10:00,28.3,79
108,2025-08-16 11:00,30,71
108,2025-08-16 12:00,30.7,65
108,2025-08-16 13:00,30.1,65
108,2025-08-16 14:00,31.7,63
108,2025-08-16 15:00,31.4,59
108,2025-08-16 16:00,31.2,63
108,2025-08-16 17:00,30.5,63
108,2025-08-16 18:00,30.2,64
108,2025-08-16 19:00,29.4,64
108,2025-08-16 20:00,28.3,70
108,2025-08-16 21:00,27.8,73
108,2025-08-16 22:00,27.2,79
108,2025-08-16 23:00,26.9,80
108,2025-08-17 00:00,26.5,82
108,2025-08-17 01:00,26.4,83
108,2025-08-17 02:00,26.3,85
108,2025-08-17 03:00,26.2,86
108,2025-08-17 04:00,26.1,87
108,2025-08-17 05:00,26.2,87
108,2025-08-17 06:00,26.2,88
108,2025-08-17 07:00,26.4,88
108,2025-08-17 08:00,26.6,87
108,2025-08-17 09:00,27.3,84
108,2025-08-17 10:00,28.4,78
108,2025-08-17 11:00,29.2,72
108,2025-08-17 12:00,30.7,67
108,2025-08-17 13:00,31.3,64
108,2025-08-17 14:00,31.9,58
108,2025-08-17 15:00,31.1,60
108,2025-08-17 16:00,31,63
108,2025-08-17 17:00,30.9,63
108,2025-08-17 18:00,30.1,68
108,2025-08-17 19:00,29.5,70
108,2025-08-17 20:00,28.6,72
108,2025-08-17 21:00,28.1,77
108,2025-08-17 22:00,28,78
108,2025-08-17 23:00,27.9,78
108,2025-08-18 00:00,27.7,80
108,2025-08-18 01:00,27.6,79
108,2025-08-18 02:00,27.6,82
108,2025-08-18 03:00,27.4,83
108,2025-08-18 04:00,27.3,85
108,2025-08-18 05:00,27.2,86
108,2025-08-18 06:00,27,86
108,2025-08-18 07:00,27.1,84
108,2025-08-18 08:00,27.4,83
108,2025-08-18 09:00,27.9,81
108,2025-08-18 10:00,29.3,76
108,2025-08-18 11:00,30.3,71
108,2025-08-18 12:00,31.1,65
108,2025-08-18 13:00,32.3,63
108,2025-08-18 14:00,32.3,58
108,2025-08-18 15:00,32.6,56
108,2025-08-18 16:00,32.1,58
108,2025-08-18 17:00,31.3,56
108,2025-08-18 18:00,30.1,62
108,2025-08-18 19:00,29.3,71
108,2025-08-18 20:00,28.2,79
108,2025-08-18 21:00,27.8,86
108,2025-08-18 22:00,27.5,88
108,2025-08-18 23:00,27.3,90
108,2025-08-19 00:00,27.2,86
108,2025-08-19 01:00,27.2,87
108,2025-08-19 02:00,27.3,86
108,2025-08-19 03:00,27.2,87
108,2025-08-19 04:00,27.1,88
108,2025-08-19 05:00,27,87
108,2025-08-19 06:00,26.9,89
108,2025-08-19 07:00,27,89
108,2025-08-19 08:00,27.6,87
108,2025-08-19 09:00,28.6,81
108,2025-08-19 10:00,29.7,73
108,2025-08-19 11:00,30.5,71
108,2025-08-19 12:00,30.9,68
108,2025-08-19 13:00,31.2,65
108,2025-08-19 14:00,31.5,63
108,2025-08-19 15:00,32.1,59
108,2025-08-19 16:00,31.3,67
108,2025-08-19 17:00,31.2,63
108,2025-08-19 18:00,30.8,65
108,2025-08-19 19:00,29.7,67
108,2025-08-19 20:00,29,71
108,2025-08-19 21:00,28.6,74
108,2025-08-19 22:00,28.4,76
108,2025-08-19 23:00,28.3,80
108,2025-08-20 00:00,28,79
108,2025-08-20 01:00,27.9,83
108,2025-08-20 02:00,27.7,84
108,2025-08-20 03:00,27.6,84
108,2025-08-20 04:00,27.4,85
108,2025-08-20 05:00,27.2,85
108,2025-08-20 06:00,27,85
108,2025-08-20 07:00,27,85
108,2025-08-20 08:00,27.7,82
108,2025-08-20 09:00,28.7,78
108,2025-08-20 10:00,29.7,74
108,2025-08-20 11:00,30.5,69
108,2025-08-20 12:00,31.4,67
108,2025-08-20 13:00,31.6,63
108,2025-08-20 14:00,32.2,59
108,2025-08-20 15:00,32.7,59
108,2025-08-20 16:00,32.1,59
108,2025-08-20 17:00,31.6,61
108,2025-08-20 18:00,30.5,67
108,2025-08-20 19:00,29.7,71
108,2025-08-20 20:00,29.2,73
108,2025-08-20 21:00,28.8,77
108,2025-08-20 22:00,28.4,78
108,2025-08-20 23:00,28.4,79
108,2025-08-21 00:00,28.2,79
108,2025-08-21 01:00,28.2,80
108,2025-08-21 02:00,28.1,81
108,2025-08-21 03:00,27.9,83
108,2025-08-21 04:00,27.7,85
108,2025-08-21 05:00,27.5,84
108,2025-08-21 06:00,27.4,86
108,2025-08-21 07:00,27.6,85
108,2025-08-21 08:00,28,83
108,2025-08-21 09:00,29,77
108,2025-08-21 10:00,30,73
108,2025-08-21 11:00,31.2,70
108,2025-08-21 12:00,32.2,63
108,2025-08-21 13:00,33.4,59
108,2025-08-21 14:00,34.2,54
108,2025-08-21 15:00,33.3,56
108,2025-08-21 16:00,33.8,52
108,2025-08-21 17:00,33,60
108,2025-08-21 18:00,31.8,62
108,2025-08-21 19:00,30.4,66
108,2025-08-21 20:00,29.4,67
108,2025-08-21 21:00,29,65
108,2025-08-21 22:00,28.6,69
108,2025-08-21 23:00,28.2,72
108,2025-08-22 00:00,27.7,73
108,2025-08-22 01:00,27.3,75
108,2025-08-22 02:00,27,76
108,2025-08-22 03:00,26.7,79
108,2025-08-22 04:00,26.5,82
108,2025-08-22 05:00,26.3,81
108,2025-08-22 06:00,26.3,87
108,2025-08-22 07:00,26.4,87
108,2025-08-22 08:00,27.7,80
108,2025-08-22 09:00,28.4,79
108,2025-08-22 10:00,29.7,69
108,2025-08-22 11:00,31.5,63
108,2025-08-22 12:00,32.2,59
108,2025-08-22 13:00,32.5,55
108,2025-08-22 14:00,33,56
108,2025-08-22 15:00,33.4,52
108,2025-08-22 16:00,33.4,49
108,2025-08-22 17:00,33.1,53
108,2025-08-22 18:00,31.8,61
108,2025-08-22 19:00,30.2,67
108,2025-08-22 20:00,29.1,73
108,2025-08-22 21:00,28.6,76
108,2025-08-22 22:00,28.3,76
108,2025-08-22 23:00,28.1,79
108,2025-08-23 00:00,28,79
108,2025-08-23 01:00,27.9,80
108,2025-08-23 02:00,27.9,82
108,2025-08-23 03:00,27.7,82
108,2025-08-23 04:00,27.6,82
108,2025-08-23 05:00,27.4,83
108,2025-08-23 06:00,27.4,84
108,2025-08-23 07:00,27.5,84
108,2025-08-23 08:00,27.9,83
108,2025-08-23 09:00,28.9,79
108,2025-08-23 10:00,30,74
108,2025-08-23 11:00,30.7,71
108,2025-08-23 12:00,31,68
108,2025-08-23 13:00,30.5,71
108,2025-08-23 14:00,30.3,72
108,2025-08-23 15:00,30.4,72
108,2025-08-23 16:00,31.6,70
108,2025-08-23 17:00,31.8,67
108,2025-08-23 18:00,31.7,67
108,2025-08-23 19:00,30.7,70
108,2025-08-23 20:00,29.7,72
108,2025-08-23 21:00,29,70
108,2025-08-23 22:00,28.7,75
108,2025-08-23 23:00,28.5,76
108,2025-08-24 00:00,28.2,77
108,2025-08-24 01:00,27.7,79
108,2025-08-24 02:00,27.4,79
108,2025-08-24 03:00,27.3,81
108,2025-08-24 04:00,27.1,81
108,2025-08-24 05:00,26.9,83
108,2025-08-24 06:00,27.1,84
108,2025-08-24 07:00,27.2,85
108,2025-08-24 08:00,28,84
108,2025-08-24 09:00,28.6,81
108,2025-08-24 10:00,29.3,77
108,2025-08-24 11:00,30.7,67
108,2025-08-24 12:00,32.6,61
108,2025-08-24 13:00,32.9,61
108,2025-08-24 14:00,33.7,54
108,2025-08-24 15:00,34.5,50
108,2025-08-24 16:00,34,49
108,2025-08-24 17:00,34,49
108,2025-08-24 18:00,33.1,57
108,2025-08-24 19:00,31.5,62
108,2025-08-24 20:00,30.5,66
108,2025-08-24 21:00,30,68
108,2025-08-24 22:00,29.6,68
108,2025-08-24 23:00,29,71
108,2025-08-25 00:00,28.7,73
108,2025-08-25 01:00,28.6,74
108,2025-08-25 02:00,28.5,76
108,2025-08-25 03:00,28.3,78
108,2025-08-25 04:00,28,79
108,2025-08-25 05:00,27.5,82
108,2025-08-25 06:00,27.5,83
108,2025-08-25 07:00,27.8,81
108,2025-08-25 08:00,28.6,77
108,2025-08-25 09:00,26.7,84
108,2025-08-25 10:00,26.7,93
108,2025-08-25 11:00,27.9,92
108,2025-08-25 12:00,28.8,88
108,2025-08-25 13:00,30.2,74
108,2025-08-25 14:00,32,67
108,2025-08-25 15:00,31.4,69
108,2025-08-25 16:00,31.7,67
108,2025-08-25 17:00,31.8,64
108,2025-08-25 18:00,30,76
108,2025-08-25 19:00,29.6,76
108,2025-08-25 20:00,28.8,81
108,2025-08-25 21:00,29.1,80
108,2025-08-25 22:00,28.9,81
108,2025-08-25 23:00,28.6,83
108,2025-08-26 00:00,28,87
108,2025-08-26 01:00,27.6,88
108,2025-08-26 02:00,27.3,88
108,2025-08-26 03:00,26.8,90
108,2025-08-26 04:00,26.4,90
108,2025-08-26 05:00,25.7,93
108,2025-08-26 06:00,25.6,95
108,2025-08-26 07:00,25.5,96
108,2025-08-26 08:00,25.6,94
108,2025-08-26 09:00,25.9,94
108,2025-08-26 10:00,26.4,91
108,2025-08-26 11:00,27.5,87
108,2025-08-26 12:00,28.3,80
108,2025-08-26 13:00,29.3,66
108,2025-08-26 14:00,30.3,62
108,2025-08-26 15:00,31.2,62
108,2025-08-26 16:00,31.3,61
108,2025-08-26 17:00,30.9,64
108,2025-08-26 18:00,29.8,70
108,2025-08-26 19:00,28.5,74
108,2025-08-26 20:00,27.7,76
108,2025-08-26 21:00,27,78
108,2025-08-26 22:00,26.8,77
108,2025-08-26 23:00,26.4,82
108,2025-08-27 00:00,25.9,85
108,2025-08-27 01:00,25.5,85
108,2025-08-27 02:00,25.1,86
108,2025-08-27 03:00,24.8,88
108,2025-08-27 04:00,24.7,88
108,2025-08-27 05:00,24.3,89
108,2025-08-27 06:00,23.9,88
108,2025-08-27 07:00,23.6,89
108,2025-08-27 08:00,25,87
108,2025-08-27 09:00,25.8,83
108,2025-08-27 10:00,26.1,80
108,2025-08-27 11:00,26.8,74
108,2025-08-27 12:00,27.7,68
108,2025-08-27 13:00,28.7,62
108,2025-08-27 14:00,29.8,58
108,2025-08-27 15:00,29.9,56
108,2025-08-27 16:00,30.6,51
108,2025-08-27 17:00,30,61
108,2025-08-27 18:00,28.6,62
108,2025-08-27 19:00,27.8,65
108,2025-08-27 20:00,27.4,68
108,2025-08-27 21:00,26.9,69
108,2025-08-27 22:00,26.4,73
108,2025-08-27 23:00,26.1,76
108,2025-08-28 00:00,26,76
108,2025-08-28 01:00,25.7,76
108,2025-08-28 02:00,25.5,78
108,2025-08-28 03:00,25.1,77
108,2025-08-28 04:00,24.9,77
108,2025-08-28 05:00,24.9,78
108,2025-08-28 06:00,24.8,79
108,2025-08-28 07:00,24.9,80
108,2025-08-28 08:00,25.9,78
108,2025-08-28 09:00,27.5,76
108,2025-08-28 10:00,28.8,70
108,2025-08-28 11:00,29.8,66
108,2025-08-28 12:00,30.4,63
108,2025-08-28 13:00,30.1,62
108,2025-08-28 14:00,30.8,58
108,2025-08-28 15:00,30.9,64
108,2025-08-28 16:00,30.6,66
108,2025-08-28 17:00,30.6,67
108,2025-08-28 18:00,30.7,67
108,2025-08-28 19:00,29.7,69
108,2025-08-28 20:00,29.2,72
108,2025-08-28 21:00,28.7,75
108,2025-08-28 22:00,28.4,79
108,2025-08-28 23:00,28.2,80
108,2025-08-29 00:00,28.1,82
108,2025-08-29 01:00,28,82
108,2025-08-29 02:00,27.9,83
108,2025-08-29 03:00,27.9,84
108,2025-08-29 04:00,27.7,86
108,2025-08-29 05:00,27.7,84
108,2025-08-29 06:00,27.3,88
108,2025-08-29 07:00,27.5,88
108,2025-08-29 08:00,27.8,87
108,2025-08-29 09:00,28.6,83
108,2025-08-29 10:00,29.9,77
108,2025-08-29 11:00,31.1,73
108,2025-08-29 12:00,31.8,67
108,2025-08-29 13:00,32.4,63
108,2025-08-29 14:00,32.7,63
108,2025-08-29 15:00,32.6,65
108,2025-08-29 16:00,31.1,69
108,2025-08-29 17:00,27.9,86
108,2025-08-29 18:00,28.6,85
108,2025-08-29 19:00,28.5,85
108,2025-08-29 20:00,28.6,85
108,2025-08-29 21:00,28,90
108,2025-08-29 22:00,27.7,91
108,2025-08-29 23:00,27.6,92
108,2025-08-30 00:00,27.4,94
108,2025-08-30 01:00,27.3,93
108,2025-08-30 02:00,27,93
108,2025-08-30 03:00,27.2,95
108,2025-08-30 04:00,27,96
108,2025-08-30 05:00,26.9,94
108,2025-08-30 06:00,26.2,94
108,2025-08-30 07:00,26.5,94
108,2025-08-30 08:00,26.1,92
108,2025-08-30 09:00,25.9,92
108,2025-08-30 10:00,27.2,91
108,2025-08-30 11:00,28.3,85
108,2025-08-30 12:00,30,79
108,2025-08-30 13:00,31,67
108,2025-08-30 14:00,31.1,63
108,2025-08-30 15:00,31,68
108,2025-08-30 16:00,31.6,67
108,2025-08-30 17:00,31.7,66
108,2025-08-30 18:00,31.3,63
108,2025-08-30 19:00,30.1,67
108,2025-08-30 20:00,29,73
108,2025-08-30 21:00,28.4,75
108,2025-08-30 22:00,27.8,77
108,2025-08-30 23:00,27.4,80
108,2025-08-31 00:00,27,83
108,2025-08-31 01:00,26.6,82
108,2025-08-31 02:00,26.2,84
108,2025-08-31 03:00,25.9,86
108,2025-08-31 04:00,25.5,87
108,2025-08-31 05:00,25.3,88
108,2025-08-31 06:00,25.1,89
108,2025-08-31 07:00,25.3,89
108,2025-08-31 08:00,26.5,86
108,2025-08-31 09:00,27.7,82
108,2025-08-31 10:00,29.6,75
108,2025-08-31 11:00,30.3,68
108,2025-08-31 12:00,30.7,68
108,2025-08-31 13:00,30.5,70
108,2025-08-31 14:00,30.9,71
108,2025-08-31 15:00,31.5,61
108,2025-08-31 16:00,31.1,65
108,2025-08-31 17:00,30.9,67
108,2025-08-31 18:00,30.4,65
108,2025-08-31 19:00,29.4,69
108,2025-08-31 20:00,29,72
108,2025-08-31 21:00,28.7,75
108,2025-08-31 22:00,28.3,76
108,2025-08-31 23:00,28,76
108,2025-09-01 00:00,27.7,76
108,2025-09-01 01:00,27.5,77
108,2025-09-01 02:00,27.2,78
108,2025-09-01 03:00,27.1,79
108,2025-09-01 04:00,27,80
108,2025-09-01 05:00,25.9,92
108,2025-09-01 06:00,25.1,93
108,2025-09-01 07:00,25.2,91
108,2025-09-01 08:00,25.4,90
108,2025-09-01 09:00,26,90
108,2025-09-01 10:00,26.5,89
108,2025-09-01 11:00,26.8,85
108,2025-09-01 12:00,27.3,83
108,2025-09-01 13:00,28.1,78
108,2025-09-01 14:00,27.5,87
108,2025-09-01 15:00,27.6,83
108,2025-09-01 16:00,27.6,82
108,2025-09-01 17:00,27.9,82
108,2025-09-01 18:00,26.1,90
108,2025-09-01 19:00,25.7,88
108,2025-09-01 20:00,25.5,87
108,2025-09-01 21:00,25.3,88
108,2025-09-01 22:00,25.1,87
108,2025-09-01 23:00,24.7,90
108,2025-09-02 00:00,24.4,92
108,2025-09-02 01:00,24.1,91
108,2025-09-02 02:00,23.8,92
108,2025-09-02 03:00,23.4,91
108,2025-09-02 04:00,23.1,92
108,2025-09-02 05:00,22.7,92
108,2025-09-02 06:00,22.2,91
108,2025-09-02 07:00,22,92
108,2025-09-02 08:00,23.1,89
108,2025-09-02 09:00,24.2,85
108,2025-09-02 10:00,24.8,81
108,2025-09-02 11:00,26.4,74
108,2025-09-02 12:00,27.6,69
108,2025-09-02 13:00,28.5,66
108,2025-09-02 14:00,29.1,63
108,2025-09-02 15:00,29.6,59
108,2025-09-02 16:00,30.3,58
108,2025-09-02 17:00,30.5,54
108,2025-09-02 18:00,29.7,57
108,2025-09-02 19:00,28.4,60
108,2025-09-02 20:00,27.1,64
108,2025-09-02 21:00,26.2,68
108,2025-09-02 22:00,25.6,72
108,2025-09-02 23:00,25.2,75
108,2025-09-03 00:00,24.7,77
108,2025-09-03 01:00,24.3,81
108,2025-09-03 02:00,23.9,82
108,2025-09-03 03:00,23.6,84
108,2025-09-03 04:00,23.3,86
108,2025-09-03 05:00,23,87
108,2025-09-03 06:00,22.7,89
108,2025-09-03 07:00,22.8,90
108,2025-09-03 08:00,24.1,86
108,2025-09-03 09:00,25.4,79
108,2025-09-03 10:00,27.2,69
108,2025-09-03 11:00,28.4,66
108,2025-09-03 12:00,29.6,58
108,2025-09-03 13:00,30.6,53
108,2025-09-03 14:00,31.1,50
108,2025-09-03 15:00,31.9,42
108,2025-09-03 16:00,31.4,47
108,2025-09-03 17:00,31.6,53
108,2025-09-03 18:00,30.9,55
108,2025-09-03 19:00,29.8,59
108,2025-09-03 20:00,29,62
108,2025-09-03 21:00,28.7,65
108,2025-09-03 22:00,28.4,66
108,2025-09-03 23:00,28.2,66
108,2025-09-04 00:00,27.7,68
108,2025-09-04 01:00,27.5,73
108,2025-09-04 02:00,25.6,86
108,2025-09-04 03:00,24.5,91
108,2025-09-04 04:00,24,94
108,2025-09-04 05:00,23.6,93
108,2025-09-04 06:00,23,93
108,2025-09-04 07:00,22.9,95
108,2025-09-04 08:00,23.1,95
108,2025-09-04 09:00,23.3,96
108,2025-09-04 10:00,23.5,96
108,2025-09-04 11:00,24.1,92
108,2025-09-04 12:00,25.8,88
108,2025-09-04 13:00,27,79
108,2025-09-04 14:00,28.3,74
108,2025-09-04 15:00,29.1,70
108,2025-09-04 16:00,29.7,67
108,2025-09-04 17:00,29.1,68
108,2025-09-04 18:00,28.5,68
108,2025-09-04 19:00,27.7,71
108,2025-09-04 20:00,27,74
108,2025-09-04 21:00,26.5,75
108,2025-09-04 22:00,26.1,76
108,2025-09-04 23:00,25.8,76
108,2025-09-05 00:00,25.3,76
108,2025-09-05 01:00,25,74
108,2025-09-05 02:00,24.5,74
108,2025-09-05 03:00,24.2,74
108,2025-09-05 04:00,23.9,73
108,2025-09-05 05:00,23.8,73
108,2025-09-05 06:00,23.6,80
108,2025-09-05 07:00,23.9,79
108,2025-09-05 08:00,24.6,73
108,2025-09-05 09:00,26.3,69
108,2025-09-05 10:00,28.2,64
108,2025-09-05 11:00,29.7,62
108,2025-09-05 12:00,30.8,59
108,2025-09-05 13:00,31.2,58
108,2025-09-05 14:00,32.5,54
108,2025-09-05 15:00,32.5,55
108,2025-09-05 16:00,32,54
108,2025-09-05 17:00,31.7,58
108,2025-09-05 18:00,30.4,65
108,2025-09-05 19:00,29.5,69
108,2025-09-05 20:00,28.6,71
108,2025-09-05 21:00,28.2,71
108,2025-09-05 22:00,27.8,73
108,2025-09-05 23:00,27.4,73
108,2025-09-06 00:00,27.1,75
108,2025-09-06 01:00,27.2,80
108,2025-09-06 02:00,27.2,79
108,2025-09-06 03:00,27.1,80
108,2025-09-06 04:00,26.8,85
108,2025-09-06 05:00,26.4,86
108,2025-09-06 06:00,26.1,86
108,2025-09-06 07:00,26,88
108,2025-09-06 08:00,26.1,90
108,2025-09-06 09:00,26.2,91
108,2025-09-06 10:00,26.7,91
108,2025-09-06 11:00,26.5,93
108,2025-09-06 12:00,27.9,89
108,2025-09-06 13:00,28.6,84
108,2025-09-06 14:00,29.6,77
108,2025-09-06 15:00,30,72
108,2025-09-06 16:00,29.2,75
108,2025-09-06 17:00,27.4,87
108,2025-09-06 18:00,25.7,88
108,2025-09-06 19:00,25.6,90
108,2025-09-06 20:00,25.4,91
108,2025-09-06 21:00,25.5,92
108,2025-09-06 22:00,25.6,91
108,2025-09-06 23:00,25.8,92
108,2025-09-07 00:00,25.8,95
108,2025-09-07 01:00,25.7,93
108,2025-09-07 02:00,25.7,92
108,2025-09-07 03:00,25.5,92
108,2025-09-07 04:00,24.9,90
108,2025-09-07 05:00,24.7,90
108,2025-09-07 06:00,24.5,90
108,2025-09-07 07:00,24.4,91
108,2025-09-07 08:00,24.7,89
108,2025-09-07 09:00,25.2,86
108,2025-09-07 10:00,26.1,80
108,2025-09-07 11:00,26.9,73
108,2025-09-07 12:00,27.4,65
108,2025-09-07 13:00,28.1,66
108,2025-09-07 14:00,27.5,68
108,2025-09-07 15:00,27.2,67
108,2025-09-07 16:00,26.7,61
108,2025-09-07 17:00,26.4,62
108,2025-09-07 18:00,26.3,65
108,2025-09-07 19:00,25.5,69
108,2025-09-07 20:00,24.8,72
108,2025-09-07 21:00,24.1,74
108,2025-09-07 22:00,23.3,79
108,2025-09-07 23:00,22.7,80
108,2025-09-08 00:00,22.3,81
108,2025-09-08 01:00,22,83
108,2025-09-08 02:00,21.8,82
108,2025-09-08 03:00,21.5,86
108,2025-09-08 04:00,21.4,86
108,2025-09-08 05:00,21.1,87
108,2025-09-08 06:00,20.7,89
108,2025-09-08 07:00,20.9,90
108,2025-09-08 08:00,21.7,89
108,2025-09-08 09:00,22.5,88
108,2025-09-08 10:00,24.4,79
108,2025-09-08 11:00,25.2,74
108,2025-09-08 12:00,26.7,67
108,2025-09-08 13:00,27.9,60
108,2025-09-08 14:00,29.1,52
108,2025-09-08 15:00,29.4,50
108,2025-09-08 16:00,28.4,52
108,2025-09-08 17:00,27.4,57
108,2025-09-08 18:00,26.4,62
108,2025-09-08 19:00,25.7,66
108,2025-09-08 20:00,25,66
108,2025-09-08 21:00,24.6,71
108,2025-09-08 22:00,24.2,74
108,2025-09-08 23:00,24,74
108,2025-09-09 00:00,23.6,71
108,2025-09-09 01:00,23.4,71
108,2025-09-09 02:00,23,75
108,2025-09-09 03:00,22.8,74
108,2025-09-09 04:00,22.6,74
108,2025-09-09 05:00,22.4,77
108,2025-09-09 06:00,22.2,78
108,2025-09-09 07:00,22,79
108,2025-09-09 08:00,22.4,79
108,2025-09-09 09:00,23.2,76
108,2025-09-09 10:00,24.2,74
108,2025-09-09 11:00,25.2,68
108,2025-09-09 12:00,25.7,69
108,2025-09-09 13:00,26.3,68
108,2025-09-09 14:00,25.7,63
108,2025-09-09 15:00,25.6,59
108,2025-09-09 16:00,26.5,64
108,2025-09-09 17:00,26.8,59
108,2025-09-09 18:00,25.9,64
108,2025-09-09 19:00,24.8,68
108,2025-09-09 20:00,23.9,72
108,2025-09-09 21:00,23.1,74
108,2025-09-09 22:00,22.5,76
108,2025-09-09 23:00,21.9,79
108,2025-09-10 00:00,21.4,81
108,2025-09-10 01:00,20.8,83
108,2025-09-10 02:00,20.5,86
108,2025-09-10 03:00,20.2,86
108,2025-09-10 04:00,19.8,86
108,2025-09-10 05:00,19.1,89
108,2025-09-10 06:00,18.7,89
108,2025-09-10 07:00,18.5,91
108,2025-09-10 08:00,20,86
108,2025-09-10 09:00,22.4,77
108,2025-09-10 10:00,24.2,66
108,2025-09-10 11:00,26.6,53
108,2025-09-10 12:00,27.9,42
108,2025-09-10 13:00,29.2,35
108,2025-09-10 14:00,30.3,33
108,2025-09-10 15:00,30.9,31
108,2025-09-10 16:00,31.2,31
108,2025-09-10 17:00,31.2,32
108,2025-09-10 18:00,29.9,43
108,2025-09-10 19:00,28,48
108,2025-09-10 20:00,26.6,54
108,2025-09-10 21:00,25.5,56
108,2025-09-10 22:00,24.6,59
108,2025-09-10 23:00,24,62
108,2025-09-11 00:00,23,65
108,2025-09-11 01:00,22.1,71
108,2025-09-11 02:00,21.8,73
108,2025-09-11 03:00,21.4,76
108,2025-09-11 04:00,20.8,77
108,2025-09-11 05:00,20.2,78
108,2025-09-11 06:00,19.9,82
108,2025-09-11 07:00,20.1,82
108,2025-09-11 08:00,22,73
108,2025-09-11 09:00,23.6,62
108,2025-09-11 10:00,25.7,50
108,2025-09-11 11:00,27.4,43
108,2025-09-11 12:00,28.5,41
108,2025-09-11 13:00,29.5,41
108,2025-09-11 14:00,30.6,41
108,2025-09-11 15:00,31.2,39
108,2025-09-11 16:00,31.6,37
108,2025-09-11 17:00,31.2,38
108,2025-09-11 18:00,30,45
108,2025-09-11 19:00,28.4,50
108,2025-09-11 20:00,27.5,53
108,2025-09-11 21:00,26.8,56
108,2025-09-11 22:00,26.2,56
108,2025-09-11 23:00,25.5,58
108,2025-09-12 00:00,25,60
108,2025-09-12 01:00,24.3,60
108,2025-09-12 02:00,24,59
108,2025-09-12 03:00,23.6,63
108,2025-09-12 04:00,23.3,62
108,2025-09-12 05:00,23.1,63
108,2025-09-12 06:00,23.1,62
108,2025-09-12 07:00,22.9,63
108,2025-09-12 08:00,23.3,59
108,2025-09-12 09:00,23.9,59
108,2025-09-12 10:00,25.1,56
108,2025-09-12 11:00,25.7,56
108,2025-09-12 12:00,25.8,56
108,2025-09-12 13:00,26.1,57
108,2025-09-12 14:00,26.2,57
108,2025-09-12 15:00,26.3,59
108,2025-09-12 16:00,26,60
108,2025-09-12 17:00,25.6,65
108,2025-09-12 18:00,24.9,68
108,2025-09-12 19:00,24,77
108,2025-09-12 20:00,23,85
108,2025-09-12 21:00,22.5,89
108,2025-09-12 22:00,21.9,90
108,2025-09-12 23:00,21.4,93
108,2025-09-13 00:00,21.1,94
108,2025-09-13 01:00,20.8,95
108,2025-09-13 02:00,20.5,97
108,2025-09-13 03:00,20.4,98
108,2025-09-13 04:00,20.5,98
108,2025-09-13 05:00,20.6,95
108,2025-09-13 06:00,20.6,96
108,2025-09-13 07:00,20.8,95
108,2025-09-13 08:00,21.1,95
108,2025-09-13 09:00,21.8,94
108,2025-09-13 10:00,22.7,90
108,2025-09-13 11:00,23.7,85
108,2025-09-13 12:00,24.7,80
108,2025-09-13 13:00,26.1,68
108,2025-09-13 14:00,26.5,65
108,2025-09-13 15:00,26.6,64
108,2025-09-13 16:00,27.4,61
108,2025-09-13 17:00,26.5,62
108,2025-09-13 18:00,25.7,65
108,2025-09-13 19:00,25.1,68
108,2025-09-13 20:00,24.4,70
108,2025-09-13 21:00,23.8,75
108,2025-09-13 22:00,23.3,76
108,2025-09-13 23:00,22.9,77
108,2025-09-14 00:00,22.5,76
108,2025-09-14 01:00,22,79
108,2025-09-14 02:00,21.7,80
108,2025-09-14 03:00,21.7,82
108,2025-09-14 04:00,21.8,80
108,2025-09-14 05:00,21.7,81
108,2025-09-14 06:00,21.6,82
108,2025-09-14 07:00,21.5,82
108,2025-09-14 08:00,22.1,81
108,2025-09-14 09:00,23.2,78
108,2025-09-14 10:00,24.2,76
108,2025-09-14 11:00,25.4,72
108,2025-09-14 12:00,27,63
108,2025-09-14 13:00,27.3,63
108,2025-09-14 14:00,27.8,59
108,2025-09-14 15:00,28.5,56
108,2025-09-14 16:00,29.2,52
108,2025-09-14 17:00,29.1,55
108,2025-09-14 18:00,28.2,60
108,2025-09-14 19:00,26.7,64
108,2025-09-14 20:00,25.8,67
108,2025-09-14 21:00,25,73
108,2025-09-14 22:00,24.2,75
108,2025-09-14 23:00,23.7,79
108,2025-09-15 00:00,23.3,82
108,2025-09-15 01:00,23.1,84
108,2025-09-15 02:00,22.7,86
108,2025-09-15 03:00,22.4,86
108,2025-09-15 04:00,21.8,86
108,2025-09-15 05:00,21.2,88
108,2025-09-15 06:00,20.9,88
108,2025-09-15 07:00,20.9,90
108,2025-09-15 08:00,22.4,88
108,2025-09-15 09:00,24.3,80
108,2025-09-15 10:00,25.8,74
108,2025-09-15 11:00,27.1,66
108,2025-09-15 12:00,28.3,60
108,2025-09-15 13:00,29,58
108,2025-09-15 14:00,29.7,56
108,2025-09-15 15:00,30.3,54
108,2025-09-15 16:00,30.4,54
108,2025-09-15 17:00,30.2,52
108,2025-09-15 18:00,29.3,51
108,2025-09-15 19:00,28,62
108,2025-09-15 20:00,26.8,72
108,2025-09-15 21:00,26.1,75
108,2025-09-15 22:00,25.4,76
108,2025-09-15 23:00,24.6,79
108,2025-09-16 00:00,24,79
108,2025-09-16 01:00,23.5,80
108,2025-09-16 02:00,23.1,83
108,2025-09-16 03:00,22.8,85
108,2025-09-16 04:00,22.4,85
108,2025-09-16 05:00,22.2,87
108,2025-09-16 06:00,22.3,87
108,2025-09-16 07:00,22.5,86
108,2025-09-16 08:00,23.2,84
108,2025-09-16 09:00,24.7,80
108,2025-09-16 10:00,25.2,81
108,2025-09-16 11:00,26.2,79
108,2025-09-16 12:00,26.4,78
108,2025-09-16 13:00,26.7,78
108,2025-09-16 14:00,24.3,86
108,2025-09-16 15:00,22.5,94
108,2025-09-16 16:00,23.3,93
108,2025-09-16 17:00,24.1,90
108,2025-09-16 18:00,23.9,88
108,2025-09-16 19:00,23.8,91
108,2025-09-16 20:00,23.7,91
108,2025-09-16 21:00,23.6,90
108,2025-09-16 22:00,23.5,91
108,2025-09-16 23:00,23.2,91
108,2025-09-17 00:00,23.3,92
108,2025-09-17 01:00,23.1,92
108,2025-09-17 02:00,23.2,93
108,2025-09-17 03:00,23.4,94
108,2025-09-17 04:00,23.5,93
108,2025-09-17 05:00,23.5,93
108,2025-09-17 06:00,23.5,93
108,2025-09-17 07:00,23.5,93
108,2025-09-17 08:00,23.7,95
108,2025-09-17 09:00,23.9,93
108,2025-09-17 10:00,23.8,95
108,2025-09-17 11:00,22.4,95
108,2025-09-17 12:00,22.1,97
108,2025-09-17 13:00,23.2,92
108,2025-09-17 14:00,22.3,91
108,2025-09-17 15:00,22.8,93
108,2025-09-17 16:00,22.5,93
108,2025-09-17 17:00,22.4,90
108,2025-09-17 18:00,22.5,87
108,2025-09-17 19:00,22.1,88
108,2025-09-17 20:00,21.9,87
108,2025-09-17 21:00,21.9,89
108,2025-09-17 22:00,21.7,88
108,2025-09-17 23:00,21.5,90
108,2025-09-18 00:00,21.2,90
108,2025-09-18 01:00,20.8,92
108,2025-09-18 02:00,20.6,91
108,2025-09-18 03:00,20.4,92
108,2025-09-18 04:00,20.1,92
108,2025-09-18 05:00,19.9,92
108,2025-09-18 06:00,19.7,93
108,2025-09-18 07:00,19.6,92
108,2025-09-18 08:00,20.2,90
108,2025-09-18 09:00,20.8,89
108,2025-09-18 10:00,21.7,81
108,2025-09-18 11:00,22.5,76
108,2025-09-18 12:00,24.4,67
108,2025-09-18 13:00,25.2,62
108,2025-09-18 14:00,25.6,59
108,2025-09-18 15:00,25.8,59
108,2025-09-18 16:00,25.6,57
108,2025-09-18 17:00,25.2,58
108,2025-09-18 18:00,24.3,61
108,2025-09-18 19:00,23.1,63
108,2025-09-18 20:00,22,65
108,2025-09-18 21:00,21.3,66
108,2025-09-18 22:00,20.7,67
108,2025-09-18 23:00,20.4,66
108,2025-09-19 00:00,20,68
108,2025-09-19 01:00,19.7,67
108,2025-09-19 02:00,19.5,68
108,2025-09-19 03:00,19.3,68
108,2025-09-19 04:00,19.2,71
108,2025-09-19 05:00,19.1,71
108,2025-09-19 06:00,19.1,73
108,2025-09-19 07:00,19.2,73
108,2025-09-19 08:00,19.5,74
108,2025-09-19 09:00,19.9,73
108,2025-09-19 10:00,20.4,73
108,2025-09-19 11:00,20.8,72
108,2025-09-19 12:00,21.4,75
108,2025-09-19 13:00,20.8,79
108,2025-09-19 14:00,20.6,81
108,2025-09-19 15:00,20.3,85
108,2025-09-19 16:00,20.1,86
108,2025-09-19 17:00,19.6,91
108,2025-09-19 18:00,19,91
108,2025-09-19 19:00,18.7,93
108,2025-09-19 20:00,18.5,93
108,2025-09-19 21:00,18.6,95
108,2025-09-19 22:00,18.5,95
108,2025-09-19 23:00,18.1,95
108,2025-09-20 00:00,17.9,96
108,2025-09-20 01:00,17.7,97
108,2025-09-20 02:00,17.7,98
108,2025-09-20 03:00,17.6,98
108,2025-09-20 04:00,17.5,98
108,2025-09-20 05:00,17.5,97
108,2025-09-20 06:00,17.6,97
108,2025-09-20 07:00,17.7,95
108,2025-09-20 08:00,18,95
108,2025-09-20 09:00,18.6,94
108,2025-09-20 10:00,19,91
108,2025-09-20 11:00,19.9,89
108,2025-09-20 12:00,20.6,84
108,2025-09-20 13:00,21.4,81
108,2025-09-20 14:00,22.5,74
108,2025-09-20 15:00,23.4,71
108,2025-09-20 16:00,23,70
108,2025-09-20 17:00,23.3,68
108,2025-09-20 18:00,22.5,75
108,2025-09-20 19:00,21.6,79
108,2025-09-20 20:00,21.1,81
108,2025-09-20 21:00,20.5,82
108,2025-09-20 22:00,20,81
108,2025-09-20 23:00,19.7,82
108,2025-09-21 00:00,19.5,82
108,2025-09-21 01:00,19.1,80
108,2025-09-21 02:00,18.5,82
108,2025-09-21 03:00,18.1,86
108,2025-09-21 04:00,17.7,87
108,2025-09-21 05:00,17.4,85
108,2025-09-21 06:00,17.2,85
108,2025-09-21 07:00,17.6,83
108,2025-09-21 08:00,19.1,78
108,2025-09-21 09:00,20.8,70
108,2025-09-21 10:00,22.1,65
108,2025-09-21 11:00,23.4,61
108,2025-09-21 12:00,24.6,59
108,2025-09-21 13:00,25.5,57
108,2025-09-21 14:00,26.5,54
108,2025-09-21 15:00,26.9,50
108,2025-09-21 16:00,27.1,50
108,2025-09-21 17:00,26.5,51
108,2025-09-21 18:00,24.8,56
108,2025-09-21 19:00,23.3,60
108,2025-09-21 20:00,22,63
108,2025-09-21 21:00,21.1,65
108,2025-09-21 22:00,20.7,63
108,2025-09-21 23:00,19.9,65
108,2025-09-22 00:00,19.4,65
108,2025-09-22 01:00,19.1,61
108,2025-09-22 02:00,18.6,62
108,2025-09-22 03:00,18.3,62
108,2025-09-22 04:00,18.1,64
108,2025-09-22 05:00,18,63
108,2025-09-22 06:00,17.9,64
108,2025-09-22 07:00,17.6,66
108,2025-09-22 08:00,18.1,64
108,2025-09-22 09:00,19.3,59
108,2025-09-22 10:00,21.4,55
108,2025-09-22 11:00,23,49
108,2025-09-22 12:00,24.3,47
108,2025-09-22 13:00,24.6,47
108,2025-09-22 14:00,24.9,47
108,2025-09-22 15:00,24.4,51
108,2025-09-22 16:00,24.6,51
108,2025-09-22 17:00,24.5,52
108,2025-09-22 18:00,24,54
108,2025-09-22 19:00,22.6,63
108,2025-09-22 20:00,21.9,66
108,2025-09-22 21:00,21.4,68
108,2025-09-22 22:00,21.1,69
108,2025-09-22 23:00,21,71
108,2025-09-23 00:00,20.7,73
108,2025-09-23 01:00,20.5,70
108,2025-09-23 02:00,20.3,73
108,2025-09-23 03:00,20.1,75
108,2025-09-23 04:00,19.9,71
108,2025-09-23 05:00,19.6,69
108,2025-09-23 06:00,19.3,68
108,2025-09-23 07:00,19.2,69
108,2025-09-23 08:00,19.7,69
108,2025-09-23 09:00,20.8,64
108,2025-09-23 10:00,22.3,57
108,2025-09-23 11:00,23.4,52
108,2025-09-23 12:00,24.8,41
108,2025-09-23 13:00,25.7,37
108,2025-09-23 14:00,25.8,40
108,2025-09-23 15:00,26.2,41
108,2025-09-23 16:00,26.4,40
108,2025-09-23 17:00,25.4,43
108,2025-09-23 18:00,24.8,45
108,2025-09-23 19:00,24.4,47
108,2025-09-23 20:00,23.6,52
108,2025-09-23 21:00,23.3,58
108,2025-09-23 22:00,23.2,58
108,2025-09-23 23:00,22.9,59
108,2025-09-24 00:00,22.4,60
108,2025-09-24 01:00,21.8,62
108,2025-09-24 02:00,21.5,61
108,2025-09-24 03:00,21.1,63
108,2025-09-24 04:00,20.4,68
108,2025-09-24 05:00,20.6,69
108,2025-09-24 06:00,20.4,68
108,2025-09-24 07:00,20.6,70
108,2025-09-24 08:00,21.4,71
108,2025-09-24 09:00,22.6,70
108,2025-09-24 10:00,23.1,70
108,2025-09-24 11:00,23.4,71
108,2025-09-24 12:00,23.5,79
108,2025-09-24 13:00,22.9,83
108,2025-09-24 14:00,22.1,93
108,2025-09-24 15:00,22.4,93
108,2025-09-24 16:00,22.7,95
108,2025-09-24 17:00,22.9,94
108,2025-09-24 18:00,22.8,93
108,2025-09-24 19:00,22.7,95
108,2025-09-24 20:00,21.8,94
108,2025-09-24 21:00,21.4,94
108,2025-09-24 22:00,21.5,95
108,2025-09-24 23:00,21.6,95
108,2025-09-25 00:00,21.6,94
108,2025-09-25 01:00,21.5,95
108,2025-09-25 02:00,21.3,93
108,2025-09-25 03:00,21.3,92
108,2025-09-25 04:00,21.2,93
108,2025-09-25 05:00,20.8,91
108,2025-09-25 06:00,20.7,90
108,2025-09-25 07:00,20.7,91
108,2025-09-25 08:00,20.9,91
108,2025-09-25 09:00,21.5,90
108,2025-09-25 10:00,22.5,85
108,2025-09-25 11:00,23.1,81
108,2025-09-25 12:00,23.8,77
108,2025-09-25 13:00,24.7,74
108,2025-09-25 14:00,25,67
108,2025-09-25 15:00,25.7,61
108,2025-09-25 16:00,26,59
108,2025-09-25 17:00,25.5,56
108,2025-09-25 18:00,24.9,61
108,2025-09-25 19:00,23.5,70
108,2025-09-25 20:00,22.5,78
108,2025-09-25 21:00,21.8,80
108,2025-09-25 22:00,21.2,84
108,2025-09-25 23:00,20.7,86
108,2025-09-26 00:00,20.2,89
108,2025-09-26 01:00,19.9,89
108,2025-09-26 02:00,19.6,92
108,2025-09-26 03:00,19.1,93
108,2025-09-26 04:00,18.7,92
108,2025-09-26 05:00,18.4,92
108,2025-09-26 06:00,17.9,94
108,2025-09-26 07:00,17.8,94
108,2025-09-26 08:00,18.4,95
108,2025-09-26 09:00,19.3,92
108,2025-09-26 10:00,20,86
108,2025-09-26 11:00,21.5,81
108,2025-09-26 12:00,22.9,73
108,2025-09-26 13:00,24.4,68
108,2025-09-26 14:00,25.4,61
108,2025-09-26 15:00,26.7,58
108,2025-09-26 16:00,26.8,57
108,2025-09-26 17:00,26.4,60
108,2025-09-26 18:00,24.8,63
108,2025-09-26 19:00,23.5,67
108,2025-09-26 20:00,22.8,70
108,2025-09-26 21:00,22.2,72
108,2025-09-26 22:00,21.5,77
108,2025-09-26 23:00,20.8,79
108,2025-09-27 00:00,20.3,80
108,2025-09-27 01:00,19.7,81
108,2025-09-27 02:00,19.2,85
108,2025-09-27 03:00,18.6,86
108,2025-09-27 04:00,18.2,88
108,2025-09-27 05:00,18,88
108,2025-09-27 06:00,17.7,90
108,2025-09-27 07:00,17.8,92
108,2025-09-27 08:00,18.9,88
108,2025-09-27 09:00,21.2,76
108,2025-09-27 10:00,23,67
108,2025-09-27 11:00,25,64
108,2025-09-27 12:00,26.1,56
108,2025-09-27 13:00,26.7,57
108,2025-09-27 14:00,26.7,55
108,2025-09-27 15:00,26.8,56
108,2025-09-27 16:00,26.4,59
108,2025-09-27 17:00,26.2,58
108,2025-09-27 18:00,25.5,61
108,2025-09-27 19:00,24.3,64
108,2025-09-27 20:00,23.1,67
108,2025-09-27 21:00,22.4,71
108,2025-09-27 22:00,21.9,72
108,2025-09-27 23:00,21.6,73
108,2025-09-28 00:00,21.6,73
108,2025-09-28 01:00,21.5,75
108,2025-09-28 02:00,21.5,76
108,2025-09-28 03:00,21.4,78
108,2025-09-28 04:00,21.3,82
108,2025-09-28 05:00,21.1,90
108,2025-09-28 06:00,20.3,93
108,2025-09-28 07:00,20.1,93
108,2025-09-28 08:00,19.1,93
108,2025-09-28 09:00,19.2,95
108,2025-09-28 10:00,18.4,95
108,2025-09-28 11:00,18.7,95
108,2025-09-28 12:00,19,94
108,2025-09-28 13:00,19.6,91
108,2025-09-28 14:00,21.4,88
108,2025-09-28 15:00,21.1,79
108,2025-09-28 16:00,21.2,78
108,2025-09-28 17:00,20.9,81
108,2025-09-28 18:00,20.6,80
108,2025-09-28 19:00,20.2,80
108,2025-09-28 20:00,19.8,80
108,2025-09-28 21:00,19.7,83
108,2025-09-28 22:00,19.6,83
108,2025-09-28 23:00,19.4,83
108,2025-09-29 00:00,18.9,83
108,2025-09-29 01:00,18.4,86
108,2025-09-29 02:00,18,87
108,2025-09-29 03:00,17.6,90
108,2025-09-29 04:00,17.3,90
108,2025-09-29 05:00,17,90
108,2025-09-29 06:00,16.7,91
108,2025-09-29 07:00,16.6,92
108,2025-09-29 08:00,17.2,91
108,2025-09-29 09:00,17.7,87
108,2025-09-29 10:00,20,79
108,2025-09-29 11:00,20.9,71
108,2025-09-29 12:00,20.9,72
108,2025-09-29 13:00,22.2,68
108,2025-09-29 14:00,22.9,61
108,2025-09-29 15:00,23.7,57
108,2025-09-29 16:00,23.4,59
108,2025-09-29 17:00,23.8,57
108,2025-09-29 18:00,22.5,64
108,2025-09-29 19:00,20.9,71
108,2025-09-29 20:00,20.3,73
108,2025-09-29 21:00,19.7,77
108,2025-09-29 22:00,19.1,81
108,2025-09-29 23:00,18.5,82
108,2025-09-30 00:00,18.2,84
108,2025-09-30 01:00,17.9,85
108,2025-09-30 02:00,17.7,87
108,2025-09-30 03:00,17.7,89
108,2025-09-30 04:00,17.7,89
108,2025-09-30 05:00,17.7,90
108,2025-09-30 06:00,17.5,90
108,2025-09-30 07:00,17.3,91
108,2025-09-30 08:00,17.7,91
108,2025-09-30 09:00,18.6,89
108,2025-09-30 10:00,19.3,86
108,2025-09-30 11:00,19.9,83
108,2025-09-30 12:00,20.8,80
108,2025-09-30 13:00,21.7,74
108,2025-09-30 14:00,23.7,69
108,2025-09-30 15:00,23.3,63
108,2025-09-30 16:00,23.2,64
108,2025-09-30 17:00,22.8,64
108,2025-09-30 18:00,22.1,69
108,2025-09-30 19:00,21,73
108,2025-09-30 20:00,20.2,77
108,2025-09-30 21:00,19.8,82
108,2025-09-30 22:00,19.3,83
108,2025-09-30 23:00,18.8,85
